StartDate,EndDate,Status,IPAddress,Progress,Duration (in seconds),Finished,RecordedDate,ResponseId,RecipientLastName,RecipientFirstName,RecipientEmail,ExternalReference,LocationLatitude,LocationLongitude,DistributionChannel,UserLanguage,Q3_1,Q3_2,Q3_3,Q3_4,Q11_1,Q11_2,Q11_3,Q11_4,Q11_5,Q14_1,Q14_2,Q14_3,Q14_4,Q1_1,Q1_2,Q1_3,Q1_4,Q1_5,Q1_6,Q1_7,Q2,Q20,Q21,Q15,Q17,Q18,Q4_1,Q4_2,Q4_3,Q4_4,Q5_1,Q5_2,Q5_3,Q6_1,Q6_2,Q6_3,group,id,fake
Start Date,End Date,Response Type,IP Address,Progress,Duration (in seconds),Finished,Recorded Date,Response ID,Recipient Last Name,Recipient First Name,Recipient Email,External Data Reference,Location Latitude,Location Longitude,Distribution Channel,User Language,In hoeverre ben je het eens met de volgende stellingen? - De artikelen bevatten gemiddeld veel variatie.,In hoeverre ben je het eens met de volgende stellingen? - De artikelen op één pagina waren vergelijkbaar met elkaar.,In hoeverre ben je het eens met de volgende stellingen? - De artikelen omvatten vele genres.,In hoeverre ben je het eens met de volgende stellingen? - De meeste artikelen behandelden soortgelijke onderwerpen.,In hoeverre ben je eens met de volgende stellingen? - Ik had beperkte controle over de wijze waarop het systeem nieuws voor mij selecteerde.,In hoeverre ben je eens met de volgende stellingen? - Vergeleken met hoe ik het liefst nieuws kies was de methode die het systeem gebruikte erg strict.,In hoeverre ben je eens met de volgende stellingen? - Vergeleken met hoe ik het liefst nieuws kies was het systeem erg beperkend.,In hoeverre ben je eens met de volgende stellingen? - De method waarop het systeem nieuws selecteert komt overeen met hoe ik dat zelf zou doen.,In hoeverre ben je eens met de volgende stellingen? - Het systeem liet mij toe om keuzes te maken op de manier die ik wil.,In hoeverre ben je eens met de volgende stellingen? - Ik zou graag meer controle willen hebben.,In hoeverre ben je eens met de volgende stellingen? - Ik bepaalde welke informatie gebruikt werd voor het creëren van een nieuwsselectie.,In hoeverre ben je eens met de volgende stellingen? - Het systeem doet wat ik wil.,In hoeverre ben je eens met de volgende stellingen? - Ik had volledige controle over het systeem.,In hoeverre zijn de volgende adjectieven van toepassing op de website? - van hoge kwaliteit,In hoeverre zijn de volgende adjectieven van toepassing op de website? - handig,In hoeverre zijn de volgende adjectieven van toepassing op de website? - functioneel,In hoeverre zijn de volgende adjectieven van toepassing op de website? - praktisch,In hoeverre zijn de volgende adjectieven van toepassing op de website? - nuttig,In hoeverre zijn de volgende adjectieven van toepassing op de website? - verstandig,In hoeverre zijn de volgende adjectieven van toepassing op de website? - efficiënt,Stel dat wij deze test website eens als een officieel versie lanceren. Hoe waarschijnlijk is het dat je deze website toen gebruikt?,Stel dat wij deze test website eens als een officieel versie lanceren. Hoe groot is de kans dat je bereid bent ervoor te betalen?,Hoeveel zou je bereid zijn te betalen (per maand)?,"Als je algemene opmerkingen over de website of de vragenlijst hebt, kan je hieronder een commentaar achterlaten.","Heb je het afgelopen jaar betaald voor nieuws (offline of online) of heb je toegang gehad tot een betaalde online nieuwsdienst?  
 

Dit kan een print of digitaal abonnement zijn, een gecombineerd digitale/print abonnement of een eenmalige betaling voor een artikel of app of e-editie.",Hoeveel geld besteed je gemiddeld per maand aan nieuws?,In hoeverre ben je het eens met de volgende stellingen? - Ik vind het nuttig als een website nieuws waar ik geen belang aan hecht weglaat.,In hoeverre ben je het eens met de volgende stellingen? - Ik vind het irritant als een nieuwssite nieuws laat zien waar ik geen belang aan hecht.,In hoeverre ben je het eens met de volgende stellingen? - Ik vind het nuttig als een nieuwssite nieuws waar ik wel belang aan hecht speciaal voor mij uitlicht.,In hoeverre ben je het eens met de volgende stellingen? - Ik vind het belangrijk dat ik toegang heb tot een grote hoeveelheid nieuws over veel verschillende onderwerpen.,In hoeverre ben je het eens met de volgende stellingen? - Websites die nieuws aggregeren zijn een goede manier om toegang te krijgen tot nieuws van de publieke omroep of kranten.,In hoeverre ben je het eens met de volgende stellingen? - Eer zijn nieuws en actualiteiten waar iedereen van op de hoogte zou moeten zijn.,In hoeverre ben je het eens met de volgende stellingen? - Iedereen zou toegang moeten hebben tot hetzelfde nieuws.,Ik maak me zorgen dat meer gepersonaliseerde berichten betekenen dat.. - ..ik belangrijke informatie mis.,Ik maak me zorgen dat meer gepersonaliseerde berichten betekenen dat.. - ..ik uitdagende standpunten mis.,Ik maak me zorgen dat meer gepersonaliseerde berichten betekenen dat.. - ..mijn privacy meer in gevaar is.,group,id,fake
"{""ImportId"":""startDate"",""timeZone"":""Europe/Berlin""}","{""ImportId"":""endDate"",""timeZone"":""Europe/Berlin""}","{""ImportId"":""status""}","{""ImportId"":""ipAddress""}","{""ImportId"":""progress""}","{""ImportId"":""duration""}","{""ImportId"":""finished""}","{""ImportId"":""recordedDate"",""timeZone"":""Europe/Berlin""}","{""ImportId"":""_recordId""}","{""ImportId"":""recipientLastName""}","{""ImportId"":""recipientFirstName""}","{""ImportId"":""recipientEmail""}","{""ImportId"":""externalDataReference""}","{""ImportId"":""locationLatitude""}","{""ImportId"":""locationLongitude""}","{""ImportId"":""distributionChannel""}","{""ImportId"":""userLanguage""}","{""ImportId"":""QID3_1""}","{""ImportId"":""QID3_2""}","{""ImportId"":""QID3_3""}","{""ImportId"":""QID3_4""}","{""ImportId"":""QID10_1""}","{""ImportId"":""QID10_2""}","{""ImportId"":""QID10_3""}","{""ImportId"":""QID10_4""}","{""ImportId"":""QID10_5""}","{""ImportId"":""QID12_1""}","{""ImportId"":""QID12_2""}","{""ImportId"":""QID12_3""}","{""ImportId"":""QID12_4""}","{""ImportId"":""QID1_1""}","{""ImportId"":""QID1_2""}","{""ImportId"":""QID1_3""}","{""ImportId"":""QID1_4""}","{""ImportId"":""QID1_5""}","{""ImportId"":""QID1_6""}","{""ImportId"":""QID1_7""}","{""ImportId"":""QID2""}","{""ImportId"":""QID20""}","{""ImportId"":""QID21_TEXT""}","{""ImportId"":""QID15_TEXT""}","{""ImportId"":""QID17""}","{""ImportId"":""QID18_TEXT""}","{""ImportId"":""QID4_1""}","{""ImportId"":""QID4_2""}","{""ImportId"":""QID4_3""}","{""ImportId"":""QID4_4""}","{""ImportId"":""QID5_1""}","{""ImportId"":""QID5_2""}","{""ImportId"":""QID5_3""}","{""ImportId"":""QID6_1""}","{""ImportId"":""QID6_2""}","{""ImportId"":""QID6_3""}","{""ImportId"":""group""}","{""ImportId"":""id""}","{""ImportId"":""fake""}"
2019-10-24 05:44:31,2019-10-24 05:48:44,0,86.91.111.20,100,253,1,2019-10-24 05:48:46,R_11c1igMes1ZpnSx,,,,,51.932403564453125,4.3701934814453125,anonymous,EN,6,3,5,3,2,2,2,6,6,2,6,4,3,2,6,6,6,6,6,6,6,2,1,,2,,5,1,7,5,6,5,5,6,4,4,3,1647450011,1
2019-10-24 08:06:09,2019-10-24 08:07:39,0,213.127.98.110,100,90,1,2019-10-24 08:07:39,R_2uyMBxQOfFb8Stn,,,,,52.350006103515625,4.9167022705078125,anonymous,EN,6,5,6,5,5,4,6,5,4,4,5,3,5,5,5,4,5,5,5,6,5,5,1,,1,0,5,2,3,2,4,4,4,5,4,3,1,1404412017,1
2019-10-24 11:53:21,2019-10-24 11:57:57,0,84.104.13.215,100,275,1,2019-10-24 11:57:57,R_1megRLELmRxQmRw,,,,,52.0417022705078125,4.473602294921875,anonymous,EN,4,5,4,4,6,7,7,2,1,7,2,1,1,5,2,3,1,4,4,1,4,1,0,"Ik zou bereid zijn om te betalen als ik zou weten dat bijvoorbeeld de premium artikelen er helemaal in zouden staan. Zodat ik niet voor deze dienst betaal maar dat er een kans in zit dat ik halve artikelen te lezen krijg, of alleen de eerste paar zinnen. Anders is een abonnement op een online krant wellicht alsnog aantrekkelijker.

Daarnaast vind ik het belangrijk dat het systeem of uit zichzelf zou zien welke artikelen ik vaker aanklik en het nieuw erop baseert dat het laat zien. Dat was in deze versie moeilijk omdat ik ook artikelen heb gelezen en beoordeelt die ik normaal niet aan zou klikken; bijvoorbeeld nieuws over voetbalwedstrijden. Als er een mogelijkheid zou zijn dit vooraf in te stellen, dan zou ik daar ook enthousiast van worden.",2,,6,4,7,7,6,7,7,6,3,6,1,1484761150,0
2019-10-24 22:27:42,2019-10-24 22:37:41,0,84.106.68.234,100,598,1,2019-10-24 22:37:42,R_sBBOaHq22QhVVWF,,,,,52.0081939697265625,4.335906982421875,anonymous,EN,5,5,4,4,6,6,6,2,3,6,6,5,4,6,6,5,6,6,5,7,6,5,5,,1,40,5,2,7,6,7,7,3,6,6,7,3,1311033555,0
2019-10-25 07:23:42,2019-10-25 07:27:11,0,81.207.55.52,100,208,1,2019-10-25 07:27:12,R_2afdKTq3aC7rSyK,,,,,51.9145965576171875,5.841705322265625,anonymous,EN,5,5,5,4,4,5,7,1,1,6,1,3,4,7,5,6,6,5,7,6,5,1,0,interessant en leuk onderzoek om aan deel te nemen,2,,4,4,5,7,4,7,7,4,4,5,2,1407754853,0
2019-10-25 09:01:06,2019-10-25 09:03:45,0,5.132.106.238,100,159,1,2019-10-25 09:03:45,R_1oby6PNfVIsdx6m,,,,,52.1699066162109375,5.3874053955078125,anonymous,EN,5,5,5,4,5,5,5,5,3,5,3,3,3,4,4,4,4,4,4,4,4,1,0,,2,,4,4,5,5,5,4,4,5,5,3,3,1616572703,0
2019-10-25 09:21:46,2019-10-25 09:28:36,0,83.162.164.65,100,410,1,2019-10-25 09:28:37,R_virXuqMV2K1VONP,,,,,52.0883941650390625,5.11749267578125,anonymous,EN,5,3,5,3,5,6,5,3,3,6,4,3,2,4,4,4,4,5,4,5,3,1,0,Ik zou niet voor een dergelijke site kiezen als er zoveel gratis nieuwssites zijn zoals Nu.nl. Bovendien zat ik mij regelmatig te ergeren aan taalfouten en opmaakfouten. Hierdoor leek het soms redelijk amateuristisch.,1,45,5,3,6,5,4,4,5,5,3,4,3,1484761765,0
2019-10-25 09:44:15,2019-10-25 09:48:04,0,212.182.138.5,100,229,1,2019-10-25 09:48:04,R_3hxXEbIFfvNBjPb,,,,,53.1977996826171875,5.8090972900390625,anonymous,EN,5,3,5,3,4,4,3,5,4,6,5,4,4,4,6,5,4,5,5,5,6,4,"2,50",,2,,7,7,7,6,5,5,6,5,6,5,1,1627034198,1
2019-10-25 10:23:38,2019-10-25 10:28:10,0,163.158.5.79,100,271,1,2019-10-25 10:28:10,R_3078ZsuIPF1MSop,,,,,51.85589599609375,4.395294189453125,anonymous,EN,4,5,4,4,5,5,5,3,3,6,2,2,2,5,4,5,5,5,5,4,4,2,0,"Actueel en ouder nieuws staan regelmatig door elkaar. 
BREXIT nieuws staat onder binnenland",2,,2,2,5,5,5,5,6,5,6,2,2,1515616615,0
2019-10-25 10:23:17,2019-10-25 10:35:40,0,89.220.196.2,100,742,1,2019-10-25 10:35:40,R_2TH6taYXEpBul3P,,,,,51.5496063232421875,4.5890960693359375,anonymous,EN,5,5,4,4,5,3,3,3,5,5,4,4,3,5,5,5,5,5,4,5,6,1,0,,2,,7,6,2,4,4,5,5,6,4,6,3,1484726822,1
2019-10-25 10:48:23,2019-10-25 10:56:17,0,217.105.119.53,100,473,1,2019-10-25 10:56:18,R_331Ihv9wq8hrs4Q,,,,,51.36810302734375,6.1844024658203125,anonymous,EN,3,5,4,4,5,5,2,2,3,6,3,3,2,4,3,4,4,3,4,3,2,1,zou ik niet voor betalen aangezien ik de website van de regionale krant fijner vind,mijn voorkeur gaat uit naar selectie nieuws rubriek ipv berichten door elkaar,1,"14,50",3,4,6,5,6,6,6,6,5,4,2,1263000334,1
2019-10-25 10:56:13,2019-10-25 11:01:10,0,213.127.127.18,100,296,1,2019-10-25 11:01:11,R_3k1WT1iODd30LGs,,,,,51.9268951416015625,4.5045928955078125,anonymous,EN,5,2,5,2,5,4,4,3,3,6,4,3,3,5,5,4,4,4,3,5,3,1,0,"voor een onderzoek van de VU had ik verwacht dat ze dit duidelijk hadden voorbereid. vele spelfouten en zinsopbouw die niet klopte. Ik heb er diverse opmerkingen over gemaakt bij de 1e vragenlijst, ik zie nu dat u mijn feedback heeft verwerkt. Daarvoor overigens geen bedankje gehad. Zo gaat dat waarschijnlijk bij de VU....",2,,4,2,5,3,5,6,7,5,5,4,2,1484776613,0
2019-10-25 11:34:55,2019-10-25 11:39:17,0,77.162.209.192,100,261,1,2019-10-25 11:39:17,R_1Kj6iW7vffhKxlt,,,,,51.25140380859375,5.893096923828125,anonymous,EN,4,3,5,4,6,3,5,2,2,6,2,2,2,4,5,4,4,4,3,3,4,2,0,Vaak hetzelfde nieuws. Veel nieuws uit een andere dan mijn eigen regio,2,,4,4,6,6,5,6,4,2,2,6,1,1484759593,1
2019-10-25 12:11:12,2019-10-25 12:19:38,0,80.255.245.234,100,505,1,2019-10-25 12:19:39,R_1dfT6PNPA6jXZYa,,,,,51.41119384765625,5.4561004638671875,anonymous,EN,4,4,4,4,4,4,4,4,4,4,4,4,3,4,5,4,5,4,5,5,5,5,2,,2,,3,4,3,4,3,4,3,3,3,3,2,1484776334,0
2019-10-25 12:58:10,2019-10-25 13:01:04,0,94.214.216.91,100,173,1,2019-10-25 13:01:05,R_3MsSk0NRIvsIFg1,,,,,53.1735992431640625,6.973907470703125,anonymous,EN,7,5,7,3,1,3,1,7,6,1,4,7,7,7,7,7,7,7,7,7,7,4,2,,2,,3,2,4,7,4,4,6,4,4,4,2,1484722327,1
2019-10-25 13:47:36,2019-10-25 13:51:06,0,85.149.139.184,100,210,1,2019-10-25 13:51:08,R_24uWr0Ef5CVuuZj,,,,,52.355804443359375,4.6620025634765625,anonymous,EN,5,3,2,3,5,5,5,2,2,5,2,2,2,5,5,5,5,5,5,5,6,1,0,,1,10,2,2,2,7,6,7,7,6,6,6,1,1484768200,0
2019-10-25 15:45:08,2019-10-25 15:47:06,0,217.120.11.99,100,117,1,2019-10-25 15:47:07,R_zVidHwQAYwILqzT,,,,,52.7476043701171875,6.890106201171875,anonymous,EN,5,4,5,5,4,4,5,3,4,5,4,4,4,5,5,5,5,5,5,5,5,2,0,,2,,4,4,4,4,3,5,5,3,3,3,3,1484740189,1
2019-10-25 16:02:16,2019-10-25 16:08:17,0,217.121.137.14,100,360,1,2019-10-25 16:08:17,R_3gL3IyhYODjXIzp,,,,,52.3849945068359375,6.2776947021484375,anonymous,EN,3,2,5,2,6,4,6,1,2,6,3,3,2,5,2,6,4,4,4,5,4,1,Niks,Jammer dat er regelmatig twee keer hetzelfde artikel op één pagina komt,2,,2,2,2,5,4,4,5,1,1,7,2,1484743674,1
2019-10-25 19:25:42,2019-10-25 19:30:35,0,78.109.0.148,100,293,1,2019-10-25 19:30:35,R_2RagPFUBl8QNHlq,,,,,52.3824005126953125,4.899505615234375,anonymous,EN,5,2,6,2,4,4,3,2,4,6,2,4,1,2,3,4,4,4,4,5,4,1,0,"Soms kwamen artikelen 2 keer in dezelfde 3x3 voor. De artikelen werden vaak niet goed weergegeven en ook het taalgebruik op de site klopt niet. Er wordt van je naar u naar je overgeschakeld en er staan soms dingen als ‘ je heeft’. ",2,,6,3,6,7,4,5,6,6,4,2,2,1484723727,0
2019-10-25 20:55:31,2019-10-25 20:59:33,0,86.83.9.9,100,242,1,2019-10-25 20:59:35,R_1CCPdNsxqzLrnIk,,,,,52.1204986572265625,4.649505615234375,anonymous,EN,7,7,7,1,6,4,4,4,3,5,3,4,2,4,5,5,6,5,4,5,6,1,0,,2,,4,2,6,4,4,6,6,6,6,2,2,1100683934,1
2019-10-25 21:51:02,2019-10-25 21:59:06,0,83.82.98.147,100,483,1,2019-10-25 21:59:06,R_27lKaFGiL8aEe10,,,,,51.599395751953125,4.711700439453125,anonymous,EN,6,2,6,2,6,6,3,7,4,5,4,2,2,5,6,6,6,5,6,6,7,1,0,"Leuke website.
Ik heb een abonnement op de papieren krant van BNDESTEM en kan alle artikelen op hun website lezen",1,35,1,1,6,7,5,7,1,7,7,1,2,1484777812,1
2019-10-25 22:02:13,2019-10-25 22:05:25,0,85.150.240.100,100,191,1,2019-10-25 22:05:27,R_22KfwxH5EWjSwaY,,,,,53.1038970947265625,7.0081024169921875,anonymous,EN,4,3,6,2,5,2,2,2,1,5,1,2,2,4,3,3,3,4,4,2,2,1,0,,2,,3,2,5,7,5,4,2,5,6,1,2,1484769518,0
2019-10-26 06:26:25,2019-10-26 06:30:42,0,81.206.204.48,100,257,1,2019-10-26 06:30:44,R_3FWZWOMR9wkNLHg,,,,,51.24969482421875,5.8363037109375,anonymous,EN,5,3,5,3,5,4,3,2,4,5,3,4,3,4,3,4,5,4,3,4,5,3,10,weinig artikelen over buitenlandse poliltiek,1,10,5,4,6,4,4,6,4,4,3,6,1,1484711550,1
2019-10-26 08:26:05,2019-10-26 08:29:52,0,80.57.99.46,100,226,1,2019-10-26 08:29:52,R_1GUIMf9bFcVz45R,,,,,52.346405029296875,4.8975982666015625,anonymous,EN,2,6,3,6,6,5,6,3,2,6,4,6,2,3,2,3,2,3,2,2,1,1,0,,2,,4,3,6,6,6,5,4,4,6,2,1,1484712455,0
2019-10-26 08:57:43,2019-10-26 09:00:23,0,143.179.59.82,100,159,1,2019-10-26 09:00:23,R_3pusxcx13laWeMZ,,,,,52.373504638671875,4.8950958251953125,anonymous,EN,5,4,5,3,4,4,2,6,5,4,4,5,2,6,6,6,6,6,6,6,7,4,2,Erg fijn om te gebruiken,2,,4,2,5,7,4,6,7,4,3,2,3,1616297741,0
2019-10-26 09:40:43,2019-10-26 09:45:55,0,217.122.206.146,100,311,1,2019-10-26 09:45:55,R_cSZeaMNQt1qnUmB,,,,,52.33880615234375,4.7826995849609375,anonymous,EN,5,5,4,5,6,6,3,1,2,4,5,2,1,2,2,2,3,1,2,2,1,1,0,De manier waarop de selectie gemaakt kan worden is niet handig. De opmaak van de pagina met de berichten is erg beperkt. Alleen headlines lijkt mij handiger. Het scherm dat verschijnt met nieuwsberichten komt erg saai over,2,,2,2,3,7,3,6,7,7,7,2,3,1634785903,0
2019-10-26 10:00:54,2019-10-26 10:03:09,0,82.73.225.41,100,134,1,2019-10-26 10:03:10,R_3Nx5BPZAwgSNcLI,,,,,53.2256927490234375,6.528594970703125,anonymous,EN,5,4,4,3,2,4,5,3,6,3,6,4,5,5,5,4,6,4,4,5,4,2,2,,2,,4,3,5,6,4,6,6,7,5,3,3,1646331443,0
2019-10-26 11:45:03,2019-10-26 11:51:05,0,85.148.242.95,100,361,1,2019-10-26 11:51:05,R_sXMx1D0AErgzwqd,,,,,52.9593048095703125,5.9188995361328125,anonymous,EN,3,5,2,5,2,6,6,1,1,7,4,2,2,3,3,4,4,3,3,4,1,1,"0,00","Ik vind het prettiger gebruik te maken van de bestaande online kranten, voor regionaal nieuws RTV Rijnmond en plaatselijk nieuws de plaatselijke nieuwswebsite. Krijg ik meer relevant nieuws. Wat moet ik bijvoorbeeld met plaatselijk nieuws uit Tilburg? Verder weinig diepgang in nieuws. Meest belangrijke nieuws was al via TV / radio tot mij gekomen.",2,,2,2,4,5,3,6,1,3,2,1,3,1642542969,1
2019-10-26 12:15:39,2019-10-26 12:18:56,0,87.208.2.166,100,196,1,2019-10-26 12:18:57,R_1QrLWPK8ZiINSME,,,,,53.2301025390625,6.5724945068359375,anonymous,EN,6,3,5,6,6,7,7,2,2,6,2,2,2,5,3,3,2,4,4,2,2,1,0,"Ik mis wetenschappelijk nieuws, en ik mis goed nieuws.",2,,5,5,6,7,4,5,7,5,5,6,3,1484779784,1
2019-10-26 12:27:50,2019-10-26 12:32:02,0,86.84.222.228,100,252,1,2019-10-26 12:32:04,R_1gAbqk4f6d60dND,,,,,52.0684967041015625,5.1013946533203125,anonymous,EN,4,4,3,3,6,3,6,1,3,7,3,3,2,4,3,2,2,2,2,3,1,1,0,De manier waarop nu.nl gratis nieuws brengt is stukken beter. Gewoon op onderwerp geselecteerd.,1,10,3,1,5,7,6,4,1,5,5,6,3,1484782498,1
2019-10-26 16:44:48,2019-10-26 16:48:36,0,82.73.14.205,100,228,1,2019-10-26 16:48:38,R_WBAnBBb0tHdq8md,,,,,53.023406982421875,5.649200439453125,anonymous,EN,6,3,6,3,4,3,5,4,5,5,3,4,4,5,5,5,5,5,5,5,4,3,5,,1,27,3,4,5,7,6,6,6,5,6,5,3,1484758096,1
2019-10-26 18:51:02,2019-10-26 18:52:50,0,84.81.62.189,100,108,1,2019-10-26 18:52:51,R_333hIb5jwnYObTT,,,,,51.8022003173828125,4.6631011962890625,anonymous,EN,6,2,3,2,5,2,2,4,5,3,1,3,3,5,5,5,5,5,5,5,1,1,0,,2,,1,1,1,7,4,7,7,7,7,7,3,1257418719,1
2019-10-26 21:00:34,2019-10-26 21:04:55,0,178.84.174.139,100,261,1,2019-10-26 21:04:56,R_71ltJBCafDinHmp,,,,,51.8376007080078125,4.3596038818359375,anonymous,EN,3,5,4,5,5,4,5,3,3,6,3,1,1,3,5,5,6,6,4,4,3,1,0,,2,,1,4,4,7,4,7,7,5,4,4,1,1484773973,1
2019-10-26 21:36:54,2019-10-26 21:42:32,0,86.83.1.110,100,338,1,2019-10-26 21:42:32,R_1otkp34XCeqK2sk,,,,,51.81390380859375,4.6685943603515625,anonymous,EN,4,3,4,4,4,4,4,3,3,7,3,4,1,3,3,3,4,3,3,3,1,1,0,,2,,3,5,4,4,3,4,6,5,4,3,1,1639702494,1
2019-10-27 06:56:50,2019-10-27 06:59:04,0,188.207.112.90,100,133,1,2019-10-27 06:59:05,R_126jWoOS192nocV,,,,,52.3455047607421875,4.8607025146484375,anonymous,EN,7,2,7,2,4,4,1,5,5,5,4,4,4,6,6,6,6,6,6,6,5,1,"Niets ",,2,,7,1,7,5,7,4,7,4,4,4,3,1386777277,0
2019-10-27 09:43:54,2019-10-27 09:46:36,0,83.81.229.16,100,162,1,2019-10-27 09:46:37,R_2s0IVxXlQwrp8ro,,,,,51.9499969482421875,4.58270263671875,anonymous,EN,5,3,5,4,6,5,5,4,3,5,2,3,2,4,4,5,5,4,4,4,4,1,0,,1,20,6,3,6,6,6,6,6,4,3,3,1,1307754109,0
2019-10-27 10:27:57,2019-10-27 10:30:47,0,83.247.106.20,100,170,1,2019-10-27 10:30:48,R_3ktXpM5qsDwzgBC,,,,,52.414093017578125,5.825103759765625,anonymous,EN,5,4,6,4,5,3,7,1,1,7,3,7,4,6,4,4,5,5,5,3,5,1,0,,1,10,4,3,4,4,5,3,4,1,1,1,2,1484726642,0
2019-10-27 10:39:52,2019-10-27 10:44:11,0,82.217.197.160,100,258,1,2019-10-27 10:44:11,R_1JPDuClejhzVjuD,,,,,52.261199951171875,4.4945068359375,anonymous,EN,4,5,4,4,5,3,4,4,3,4,4,3,3,4,5,4,5,4,4,5,5,3,0,,2,,3,3,4,6,4,5,6,6,6,6,1,1484779555,1
2019-10-27 11:55:04,2019-10-27 11:57:57,0,143.179.61.45,100,172,1,2019-10-27 11:57:57,R_26mu2Na3lcjx0Wy,,,,,51.912994384765625,4.4510040283203125,anonymous,EN,3,4,3,4,5,4,5,5,3,6,4,5,4,6,4,3,3,4,3,5,3,2,"0,0",,2,,6,3,4,6,3,3,6,5,3,3,2,1643314531,1
2019-10-27 14:55:45,2019-10-27 15:00:02,0,217.101.142.151,100,257,1,2019-10-27 15:00:03,R_1QmhEra6gS8q7FV,,,,,52.72369384765625,6.9882965087890625,anonymous,EN,5,4,6,4,6,5,7,2,5,6,3,4,4,5,5,6,4,4,4,5,5,1,0,veel succes,2,,4,2,5,5,4,4,5,4,4,4,3,1411856290,1
2019-10-27 17:54:21,2019-10-27 17:57:31,0,217.103.16.98,100,189,1,2019-10-27 17:57:32,R_2XhtnTq3cmh3V0z,,,,,51.87640380859375,4.5233001708984375,anonymous,EN,5,6,5,4,3,3,3,5,4,5,4,5,5,6,6,6,6,6,5,6,4,2,0,het zou prettiger zijn als je ook op genre kan selecteren.,2,,5,5,7,5,5,7,6,5,3,4,2,1484700937,0
2019-10-27 21:01:22,2019-10-27 21:08:50,0,84.24.115.134,100,448,1,2019-10-27 21:08:51,R_1gqdNRHUjw5qVwd,,,,,51.5648040771484375,5.0782012939453125,anonymous,EN,3,5,3,5,6,6,6,2,2,7,2,2,2,3,2,3,3,3,3,2,2,1,0,Ik vond de eerste ronde artikelen gevarieerder dan de 2e ronde. In de 2e ronde was er vaak zelfde nieuws en kreeg categorie te zien waar ik amper wat mee had en dat werd steeds meer aangeboden en dat was in ronde 1 beter op wens aangeboden.,1,15,5,5,5,5,5,4,3,5,5,3,2,1484757086,1
2019-10-27 21:14:59,2019-10-27 21:18:00,0,31.21.8.234,100,181,1,2019-10-27 21:18:02,R_3OfCKYc3ZIRb0pC,,,,,52.0937957763671875,5.1190948486328125,anonymous,EN,5,3,5,3,4,5,5,3,3,5,3,4,3,5,5,5,5,5,4,4,5,1,0,,2,,6,5,5,6,5,5,5,5,4,3,2,1627769044,1
2019-10-27 21:44:29,2019-10-27 21:47:20,0,94.209.7.215,100,171,1,2019-10-27 21:47:20,R_3oQTdpIZxmak68q,,,,,52.067901611328125,4.3076019287109375,anonymous,EN,3,5,4,5,6,5,5,4,2,6,2,3,3,5,6,5,5,5,5,6,6,3,3,"Beperkt in het selecteren van genres. Een filter waarbij genres aangevinkt kunnen worden, zou als voor mij voorbeeld, veel helpen.",2,,5,4,5,6,6,6,4,5,5,4,1,1580033456,0
2019-10-27 21:52:02,2019-10-27 21:55:49,0,77.164.116.22,100,227,1,2019-10-27 21:55:50,R_2w4gUWmrugcgm7y,,,,,51.5648040771484375,5.0782012939453125,anonymous,EN,6,4,6,3,5,6,5,3,3,6,4,4,3,5,3,3,4,4,5,4,4,2,1,"Er zaten goede artikelen bij, maar je kon niet echt een keuze maken uit categorieën of nieuws dat bij je interesse paste.  Soms waren artikelen ook erg lang.  Wel was de selectie actueel,  vrijwel allemaal nieuws van de afgelopen uren.",2,,4,4,7,6,6,7,6,4,6,4,2,1442586999,0
2019-10-27 22:08:19,2019-10-27 22:12:37,0,77.167.102.192,100,258,1,2019-10-27 22:12:38,R_12MG9Awhz8TydzD,,,,,52.1472015380859375,4.667694091796875,anonymous,EN,5,2,6,2,5,1,2,6,6,7,1,4,7,4,4,4,4,4,4,4,1,1,0,"Nieuwsoverzicht is prima met indeling. Toch vind ik het visueel niet aantrekkelijk ",2,,1,1,1,7,4,7,7,7,7,1,3,1484770878,1
2019-10-27 22:09:50,2019-10-27 22:13:37,0,145.53.65.143,100,227,1,2019-10-27 22:13:38,R_1irijDFYegDp1ZM,,,,,52.1472015380859375,4.667694091796875,anonymous,EN,6,4,7,1,2,4,2,6,7,2,6,6,6,6,7,6,7,6,6,6,7,1,0,,2,,4,2,4,7,7,6,4,6,6,2,2,1023806,1
2019-10-27 22:11:32,2019-10-27 22:17:02,0,84.104.172.205,100,329,1,2019-10-27 22:17:02,R_Ua2MRw48hR3IlaN,,,,,51.578704833984375,4.7848052978515625,anonymous,EN,6,4,6,5,4,5,3,6,6,3,5,5,6,5,7,7,6,5,5,7,7,4,2.50,Ik vond het een aangename websites met voor iedereen wat . Ik vond het overzichtelijk en kon makkelijk de artikelen vinden waar je benieuwd naar was. Fijn dat ik mocht mee doen.,2,,3,3,5,6,5,6,6,6,6,6,1,1571564654,1
2019-10-27 22:38:55,2019-10-27 22:44:53,0,31.161.220.11,100,357,1,2019-10-27 22:44:55,R_3fq8oIFdxQkcB3U,,,,,52.38250732421875,4.62420654296875,anonymous,EN,6,3,5,4,5,5,3,6,6,1,5,3,3,6,6,6,5,6,5,6,3,1,0,,2,,6,2,6,7,6,5,6,4,4,3,1,1648503266,1
2019-10-27 23:20:42,2019-10-27 23:25:30,0,86.83.25.122,100,288,1,2019-10-27 23:25:31,R_3fUkenE5eTGtEd0,,,,,52.380096435546875,4.85260009765625,anonymous,EN,5,4,6,2,6,5,6,2,2,6,2,2,2,4,5,5,6,5,4,5,4,4,5,,2,,6,4,5,6,6,7,7,3,4,6,1,1078864724,0
2019-10-27 23:21:17,2019-10-27 23:55:37,0,77.173.22.39,100,2059,1,2019-10-27 23:55:38,R_11ZpGoorCDGTmhV,,,,,52.2200927734375,6.90069580078125,anonymous,EN,5,1,4,2,7,3,7,1,1,7,2,2,2,6,4,3,3,5,6,5,1,1,5,Vaak dubbele niewsberichten. Ik las geen sport nieuws en koos via de instellingen om dat ook niet te lezen maar ik kreeg enorm veel sport nieuws,2,,7,7,7,7,4,7,7,5,6,6,2,1484760995,1
2019-10-27 23:46:57,2019-10-27 23:59:14,0,86.91.162.15,100,736,1,2019-10-27 23:59:14,R_9SUkS3VxUcV0m65,,,,,52.5569000244140625,5.9167938232421875,anonymous,EN,6,4,6,2,4,3,2,5,5,2,3,4,1,5,5,5,5,5,5,5,4,1,0,"Soms waren er herhalingen: 2x hetzelfde artikel op een pagina, of de koptekst werd weer in het artikel zelf volledig herhaald; dat lijkt mij overbodig.
En soms was in mijn opinie het artikel ondergebracht onder het verkeerde item: bijvoorbeeld binnenlands nieuws bij buitenlands.
Verder zou ik het woord Crime vermijden, maar gewoon een Nederlands woord kiezen.",2,,2,2,4,7,6,7,6,7,4,1,3,1484720126,1
2019-10-28 07:04:16,2019-10-28 07:07:32,0,84.104.16.160,100,196,1,2019-10-28 07:07:33,R_33p9IOp6uiF3WKs,,,,,52.0572967529296875,4.4647064208984375,anonymous,EN,5,5,3,5,1,4,3,5,5,4,5,4,4,5,5,5,5,5,4,5,6,1,0,,2,,2,2,3,5,3,5,5,4,3,5,1,1513780078,1
2019-10-28 08:04:23,2019-10-28 08:06:31,0,213.233.252.73,100,127,1,2019-10-28 08:06:31,R_2aVpB48BthWA3ou,,,,,52.0811004638671875,5.421905517578125,anonymous,EN,5,2,5,2,6,3,6,2,1,6,1,2,1,2,2,5,3,2,4,2,2,1,0,"Ik snap het nut van deze website niet in?
Random artikelen... ",2,,5,4,4,5,4,5,4,5,4,5,1,1484768285,0
2019-10-28 08:07:16,2019-10-28 08:10:06,0,86.83.38.219,100,169,1,2019-10-28 08:10:06,R_1GZAq30pKSYecDO,,,,,52.76409912109375,6.8863067626953125,anonymous,EN,5,5,5,4,4,3,3,4,4,5,4,4,3,4,5,4,5,5,5,4,4,3,5,geen,2,,5,4,4,6,5,3,5,4,5,3,2,1565982463,0
2019-10-28 08:14:56,2019-10-28 08:20:29,0,163.158.120.170,100,333,1,2019-10-28 08:20:29,R_2VdP7HUTc6obG3y,,,,,51.994903564453125,4.21820068359375,anonymous,EN,7,4,7,1,4,6,7,1,4,7,2,5,2,7,7,7,7,7,7,7,6,1,"niet, ik lees het AD ochtendblad","Vind de artikelen soms te beperkt, een paar regels is niet genoeg om een goed beeld te krijgen",1,25 euro,1,1,1,7,7,7,7,7,7,1,2,1373241659,0
2019-10-28 08:35:25,2019-10-28 08:40:04,0,213.127.109.147,100,278,1,2019-10-28 08:40:04,R_2aDprZ16QbOFdYU,,,,,52.3459930419921875,4.8737945556640625,anonymous,EN,1,7,1,7,7,3,7,1,1,7,1,1,1,2,1,2,2,2,2,1,1,1,0,"je kon aangeven dat je meer verschillende artikelen kon lezen, dat heb ik gedaan maar toen kreeg ik bijna alleen sport te zien. En daar interesseer ik mijn dus totaal niet voor. In mijn ogen is het nieuws aanbieden op deze manier nog minder interessant dan de al bestaande nieuws sites.   ",2,,4,5,4,6,4,1,1,7,7,7,2,1484761771,1
2019-10-28 08:43:30,2019-10-28 08:47:55,0,212.120.112.14,100,264,1,2019-10-28 08:47:55,R_aWxE6MSTIetmsJH,,,,,50.94140625,5.9763031005859375,anonymous,EN,7,3,6,2,2,7,4,7,7,2,6,7,7,6,7,6,6,6,7,7,7,1,0,Heel erg nuttige website.,2,,4,1,4,7,5,7,7,7,7,1,2,1409812533,0
2019-10-28 09:03:10,2019-10-28 09:06:36,0,77.173.116.207,100,206,1,2019-10-28 09:06:36,R_25RSvbKCQyqS7GX,,,,,52.0630950927734375,5.135498046875,anonymous,EN,6,4,6,2,3,4,3,5,5,3,5,5,5,7,6,7,6,6,6,6,6,4,5,,2,,5,3,6,5,6,5,6,3,3,3,1,1523416198,0
2019-10-28 09:38:01,2019-10-28 09:42:53,0,213.233.234.123,100,292,1,2019-10-28 09:42:54,R_2c7P62pmzwZLPmb,,,,,52.3379974365234375,5.610107421875,anonymous,EN,3,5,4,5,6,3,6,3,2,6,2,4,4,3,2,2,2,4,4,2,3,2,0,vaak 2 dezelfde artikelen bij de selectie of maar beperkt aanbod van verschillende categorieën. Dus niet erg klantvriendelijk,1,14,4,3,6,6,5,6,4,5,5,4,1,1484731330,0
2019-10-28 10:01:07,2019-10-28 10:06:15,0,84.83.6.183,100,308,1,2019-10-28 10:06:16,R_3Lb4vyaDpDtATiF,,,,,52.1156005859375,6.5196075439453125,anonymous,EN,5,6,4,4,1,2,1,5,6,4,5,6,5,5,6,7,7,6,6,6,7,2,"1,00",,2,,5,5,7,4,7,4,4,5,5,2,2,1484715013,0
2019-10-28 10:17:00,2019-10-28 10:19:41,0,90.145.161.114,100,160,1,2019-10-28 10:19:41,R_2QtDarTWYDcEpSi,,,,,52.010406494140625,4.4485015869140625,anonymous,EN,5,2,4,3,5,6,6,2,2,6,2,3,2,3,4,3,2,2,2,3,1,1,0,,2,,5,5,6,3,4,6,7,2,2,2,1,1610434083,0
2019-10-28 10:15:49,2019-10-28 10:19:44,0,90.145.215.98,100,234,1,2019-10-28 10:19:44,R_2X73CM5qmKjLhej,,,,,52.2362060546875,6.8946075439453125,anonymous,EN,1,1,7,1,3,7,7,1,2,7,1,1,1,1,1,7,4,1,1,1,1,1,0,Ik zou complete categorieën willen uitschakelen. Het interesseert mij niets wat 'celeberties' doen en wat er in brabant gebeurd.,2,,7,7,1,3,6,5,7,1,1,1,2,1484765791,1
2019-10-28 10:53:20,2019-10-28 10:56:07,0,136.143.55.212,100,166,1,2019-10-28 10:56:08,R_2VvuCCyRtymFl7g,,,,,52.312103271484375,6.9228973388671875,anonymous,EN,5,3,5,3,4,5,3,5,4,3,4,5,4,5,5,5,5,5,5,5,5,3,2,,2,,5,4,6,5,5,5,6,4,4,4,1,1549388866,1
2019-10-28 11:20:12,2019-10-28 11:26:05,0,213.127.82.211,100,353,1,2019-10-28 11:26:05,R_1fdB3kaaDoSn0hg,,,,,52.3616943359375,4.8668975830078125,anonymous,EN,6,3,7,3,6,4,3,6,7,4,3,4,5,6,6,6,6,6,5,6,6,4,"€ 15,—",De website was voor mij erg gebruiksvriendelijk,1,"€ 45,—",5,4,6,7,6,7,6,5,5,2,1,1484749793,0
2019-10-28 12:34:50,2019-10-28 12:39:13,0,82.95.214.191,100,263,1,2019-10-28 12:39:14,R_10MzMRmEOJ9Mb0n,,,,,50.85040283203125,5.7122955322265625,anonymous,EN,5,4,6,4,5,5,5,5,4,5,2,3,1,4,5,4,4,4,3,3,4,1,0,De rubrieken uitbreiden,2,,5,3,5,5,5,5,3,2,2,2,2,1484770474,1
2019-10-28 12:44:36,2019-10-28 12:48:32,0,83.85.60.99,100,236,1,2019-10-28 12:48:33,R_3dEvXFYLcxay0Af,,,,,52.07440185546875,4.6562957763671875,anonymous,EN,5,5,6,6,6,6,6,2,2,7,3,2,2,5,6,6,6,5,5,5,5,1,"0,00",als je na een paar artikels lezen klik op nieuwe selectie komt er na een paar keer klikken veel van het oude terug....,2,,5,5,5,6,5,5,5,5,6,2,1,1484779022,0
2019-10-28 12:46:50,2019-10-28 12:51:11,0,83.162.221.202,100,261,1,2019-10-28 12:51:12,R_OvW1rdQeGq1ifCN,,,,,51.757598876953125,5.533294677734375,anonymous,EN,5,4,5,6,2,3,3,5,6,3,5,5,5,6,5,5,5,5,6,5,5,3,5 euro,,1,50,4,2,5,6,5,5,6,2,3,4,3,1484768739,1
2019-10-28 12:51:25,2019-10-28 12:54:33,0,84.31.180.25,100,188,1,2019-10-28 12:54:34,R_2uwl0DDSDhgMfwL,,,,,51.6902008056640625,5.0832977294921875,anonymous,EN,6,5,5,3,5,3,3,5,5,3,4,5,4,6,6,6,6,5,5,5,4,2,0,,2,,3,4,5,3,5,5,6,3,4,4,1,1624511238,0
2019-10-28 14:38:37,2019-10-28 14:42:53,0,213.127.45.199,100,256,1,2019-10-28 14:42:54,R_3dXPCPZJ4hwN9l0,,,,,52.346405029296875,4.9304046630859375,anonymous,EN,5,3,4,3,7,1,2,4,4,4,2,2,1,5,5,3,4,6,5,6,5,1,0,,2,,2,1,5,6,4,6,7,6,5,1,2,1484737294,0
2019-10-29 06:50:17,2019-10-29 06:52:27,0,188.206.76.150,100,130,1,2019-10-29 06:52:28,R_3KI4Wft2TMNZd3P,,,,,52.2333984375,4.816497802734375,anonymous,EN,5,3,5,3,4,4,4,4,4,5,3,4,3,4,3,4,3,4,3,3,3,1,Niets!,,2,,5,5,5,5,4,5,4,5,5,5,3,1484749800,0
2019-10-29 09:42:12,2019-10-29 09:46:33,0,62.131.76.125,100,260,1,2019-10-29 09:46:33,R_22mf0EsRp6XCse0,,,,,51.8358001708984375,5.902801513671875,anonymous,EN,7,3,6,2,6,5,6,2,4,6,2,1,1,5,6,6,6,6,4,5,4,1,Max. 2€,Best een aardige website maar Nu.nl en de nieuwslijn op Startpagina bevallen me beter,1,13,1,1,4,7,7,7,7,7,7,2,2,1484743803,0
2019-10-29 10:08:46,2019-10-29 10:11:54,0,62.131.52.107,100,187,1,2019-10-29 10:11:54,R_3fwMjOFFEbJZ2Mw,,,,,52.684906005859375,6.1811065673828125,anonymous,EN,2,6,3,6,6,5,6,2,2,5,2,3,2,3,2,2,1,3,1,1,3,1,0,,1,1,1,4,6,6,3,6,4,6,5,2,1,1627461758,0
2019-10-29 12:00:15,2019-10-29 12:02:55,0,80.60.225.14,100,159,1,2019-10-29 12:02:55,R_3fIsapBGUDnnn1r,,,,,52.043304443359375,4.32330322265625,anonymous,EN,6,4,7,2,2,4,2,6,6,2,6,6,6,6,6,6,6,6,6,6,7,4,2,erg leuke site en makkelijk leesbaar,2,,4,5,6,6,5,6,5,2,2,2,1,1484768328,1
2019-10-29 12:11:15,2019-10-29 12:14:43,0,212.127.194.124,100,208,1,2019-10-29 12:14:44,R_9S6p269823SEVtT,,,,,51.5941009521484375,5.6056976318359375,anonymous,EN,6,4,7,4,3,6,2,6,6,6,6,6,6,6,7,7,6,7,6,6,6,4,5,was leuk om te doen,1,5,7,2,6,7,7,6,2,2,2,2,2,1484771769,1
2019-10-29 12:29:35,2019-10-29 12:31:43,0,77.172.68.253,100,127,1,2019-10-29 12:31:43,R_3KV19bzGeWwPnmB,,,,,52.221099853515625,5.9839935302734375,anonymous,EN,5,5,3,3,6,6,6,2,2,6,2,6,2,4,3,3,2,3,2,2,2,2,"0,1",,2,,2,6,6,6,4,2,3,1,1,1,2,1438527294,0
2019-10-29 13:39:59,2019-10-29 13:45:08,0,77.168.251.161,100,309,1,2019-10-29 13:45:08,R_ufQmp7UvZ0yiQOB,,,,,52.1631927490234375,4.5095062255859375,anonymous,EN,5,4,5,4,5,4,4,3,3,5,3,4,4,4,4,5,4,5,5,4,5,1,0.00,,1,75,4,4,4,7,5,6,5,2,3,2,3,1275299196,1
2019-10-29 14:56:24,2019-10-29 15:00:17,0,84.87.6.128,100,233,1,2019-10-29 15:00:18,R_1mW8detqWXdJQFT,,,,,51.4387969970703125,5.496795654296875,anonymous,EN,2,6,3,6,7,6,7,1,1,7,7,1,1,4,4,3,4,1,1,1,1,1,0,"niet voor mij, ik krijg liever op een andere manier mijn nieuws voorgeschoteld, en daar ben ik al tevreden mee",2,,1,1,1,7,7,7,4,7,7,1,3,1408876869,1
2019-10-29 15:41:12,2019-10-29 15:43:57,0,86.91.182.19,100,164,1,2019-10-29 15:43:57,R_W9d4uLFkyMHPmqB,,,,,52.9517059326171875,5.9152069091796875,anonymous,EN,7,4,6,2,2,6,2,7,6,2,5,6,7,7,5,6,7,7,6,6,6,4,15,,2,,4,4,6,7,6,6,7,5,5,2,1,1556722218,1
2019-10-29 17:18:08,2019-10-29 17:21:41,0,143.179.26.199,100,212,1,2019-10-29 17:21:41,R_1OVQOqU396IEbrd,,,,,52.3556060791015625,4.7906951904296875,anonymous,EN,7,3,7,3,2,4,2,6,6,3,7,7,7,7,7,7,7,7,7,7,7,1,1 euro meer niet want je hebt zoveel andere platforms die gratis zijn als het duur word ga je die gratis zijn gebruiken.,Nee was een leuke ervaring,2,,4,5,7,7,5,5,7,1,1,1,3,1408869842,0
2019-10-29 19:15:27,2019-10-29 19:20:37,0,86.85.184.90,100,309,1,2019-10-29 19:20:37,R_W3EPanqMxj4ui3L,,,,,52.37420654296875,4.8217926025390625,anonymous,EN,4,2,5,5,6,6,2,1,1,6,1,1,1,3,3,2,3,3,4,3,2,1,0,te eenzijdig. Niet duidelijk kunnen maken welke artikelen ik wilde. Als in buitenland wil kreeg ik binnenland. Als ik binnenland wilde kreeg ik sport enz. Heel vervelend,2,,2,7,2,7,4,7,2,7,7,7,3,1484748035,0
2019-10-29 20:39:56,2019-10-29 20:42:51,0,82.75.65.65,100,174,1,2019-10-29 20:42:51,R_6fn1T0sWaIy5B7z,,,,,52.212493896484375,6.864105224609375,anonymous,EN,5,4,5,5,5,4,3,4,5,5,4,3,4,5,5,5,6,5,4,5,5,3,"2,99",,2,,6,6,6,6,6,5,6,5,5,5,1,1584424939,1
2019-10-29 21:17:06,2019-10-29 21:19:51,0,86.95.41.118,100,164,1,2019-10-29 21:19:53,R_3WtlIZ0stNAEQed,,,,,51.3462982177734375,3.88330078125,anonymous,EN,6,4,5,3,5,4,3,5,4,6,3,3,2,6,6,6,5,6,6,6,6,3,5,,2,,5,3,6,4,5,6,5,6,5,2,2,1639892345,0
2019-10-30 04:58:36,2019-10-30 05:01:39,0,62.163.183.138,100,183,1,2019-10-30 05:01:41,R_b4botCMVdMswFSF,,,,,52.3990936279296875,4.9358062744140625,anonymous,EN,5,4,5,4,2,3,3,4,5,3,6,5,4,5,5,5,5,5,4,5,4,2,0,,2,,3,2,5,7,5,7,4,7,6,2,2,1651459937,1
2019-10-30 08:15:00,2019-10-30 08:18:48,0,77.163.140.153,100,228,1,2019-10-30 08:18:49,R_2sbwI64EEcT6WFW,,,,,52.216705322265625,5.966705322265625,anonymous,EN,6,4,6,3,4,4,5,3,4,6,6,5,3,6,6,6,6,6,6,6,3,1,0,,2,,6,2,7,7,6,7,7,6,6,4,2,1300262688,0
2019-10-30 08:34:59,2019-10-30 08:39:13,0,213.93.5.219,100,254,1,2019-10-30 08:39:14,R_tSxGbHzHEFAWwcF,,,,,52.4037933349609375,5.316802978515625,anonymous,EN,6,2,6,3,5,2,5,5,2,5,3,3,3,4,5,5,5,5,5,5,5,3,5,,1,0,6,6,6,6,4,6,6,4,3,2,2,1484766442,0
2019-10-30 09:44:09,2019-10-30 09:48:33,0,94.212.28.143,100,263,1,2019-10-30 09:48:33,R_3NBUBgsMibtwhYI,,,,,52.72369384765625,6.9882965087890625,anonymous,EN,6,3,6,3,3,4,4,3,5,4,5,4,4,5,5,5,5,4,4,5,5,2,10,Nvt,2,,6,6,5,7,5,4,5,5,4,3,3,1484767560,1
2019-10-30 10:10:35,2019-10-30 10:13:33,0,82.173.131.189,100,178,1,2019-10-30 10:13:33,R_2OQ3TN8Ucfnplod,,,,,52.373199462890625,4.85589599609375,anonymous,EN,4,5,4,5,4,3,4,4,4,5,4,3,3,4,3,3,3,3,3,2,3,1,0,ik mis foto's in het overzicht,1,0,6,6,5,5,4,5,4,5,3,6,3,1538550978,1
2019-10-30 10:12:50,2019-10-30 10:16:40,0,145.90.87.122,100,230,1,2019-10-30 10:16:41,R_11aK0Db1fgBC3Dr,,,,,52.0937957763671875,5.1190948486328125,anonymous,EN,5,3,6,3,6,3,3,5,5,6,5,5,4,5,5,5,5,5,5,5,5,3,2 euro,"Ik vond het vervelend dat ik in mijn instellingen niet meer kon zien welke onderwerpen ik had geselecteerd. Dat maakte dat ik een lager gevoel van controle had, al merkte ik het in de selectie van artikelen wel. Ook vond ik het jammer dat ik maar 3 onderwerpen kon selecteren.",1,5,5,4,6,4,5,5,6,5,5,6,3,1459027489,1
2019-10-30 11:04:15,2019-10-30 11:14:54,0,77.250.55.74,100,638,1,2019-10-30 11:14:54,R_ulayrJaEvDV2s6t,,,,,52.367706298828125,4.8551025390625,anonymous,EN,6,4,7,4,5,4,3,5,4,6,4,3,3,5,5,6,6,6,5,5,5,4,5,Ik zou veel meer buitenland willen en willen kiezen uit categorien. Dus verdelen in aandachtspunten op rij,2,,5,4,6,5,6,7,5,5,6,4,1,1484775023,1
2019-10-28 17:43:12,2019-10-30 16:09:27,0,92.109.46.141,100,167174,1,2019-10-30 16:09:27,R_1E0VrdrIGIoh6Tj,,,,,51.8791961669921875,5.845703125,anonymous,EN,4,3,5,2,4,4,4,4,5,5,3,4,3,3,4,4,5,4,4,4,5,1,0,,2,,4,4,4,6,4,7,6,7,7,6,2,1484777021,1
2019-10-30 18:57:24,2019-10-30 19:02:01,0,62.194.16.151,100,277,1,2019-10-30 19:02:02,R_3oWUlx9BPAZV8jb,,,,,52.6519012451171875,4.777099609375,anonymous,EN,7,6,7,6,5,4,4,3,3,6,5,3,3,6,6,6,6,6,6,6,7,2,"niets, er is voldoende gratis nieuws te vinden","nee, dank u",2,,4,4,4,7,6,7,7,7,7,1,1,1645599150,0
2019-10-30 19:44:43,2019-10-30 19:49:31,0,82.161.249.153,100,288,1,2019-10-30 19:49:32,R_3kjHIEDhkm1Jqkv,,,,,51.9541015625,4.9640045166015625,anonymous,EN,6,6,7,5,3,4,3,4,5,6,3,6,6,5,7,6,6,7,6,7,6,3,2.50,leuk aanvulling op het nieuws door zelf je keuze te kunnen bepalen .,1,4,7,6,6,7,5,6,7,6,6,3,2,1484694302,0
2019-10-30 20:02:33,2019-10-30 20:05:39,0,87.213.253.190,100,185,1,2019-10-30 20:05:41,R_cAXkJSwePdoM493,,,,,52.367706298828125,4.8551025390625,anonymous,EN,6,5,7,1,5,3,3,5,6,6,5,6,5,7,6,6,6,6,6,7,5,5,0,,1,15,7,2,7,7,6,7,7,6,5,3,1,1365720648,0
2019-10-30 20:39:39,2019-10-30 20:46:44,0,81.204.244.57,100,425,1,2019-10-30 20:46:45,R_2wgIVipTKOBh3Rr,,,,,51.57110595703125,5.9459075927734375,anonymous,EN,7,1,6,2,7,7,7,1,1,7,1,1,1,4,4,3,4,4,4,4,5,1,0,"Het is superirritant dat ik telkens op de knop ""Menu"" moest klikken, zodat het leesgedeelte volledig zichtbaar was op mijn monitor. Als ik dat niet deed, moest ik telkens met de onderste scrollbalk naar rechts scrollen om alle tekst te kunnen zien. Mega-irri dus. Verder vond ik het best een prettige idee, dat ik op een nieuwssite was die haar artikelen van de verschillende nieuwssites 'voor mij' verzamelt (Nu.nl, AD.nl, de Telegraaf, etc.). Goed idee dus!! Tot slot: heel veel succes nog met de studie. :o)",2,,2,2,6,5,6,7,6,7,7,7,1,1484771332,0
2019-10-30 21:23:11,2019-10-30 21:31:16,0,213.127.34.113,100,485,1,2019-10-30 21:31:16,R_DSL062NZMBEluBX,,,,,52.3668060302734375,4.86810302734375,anonymous,EN,7,1,7,1,1,2,2,7,7,1,7,5,6,5,6,7,7,7,7,7,7,5,"5,00",,1,40,5,6,7,7,6,7,7,2,2,2,1,1645365393,0
2019-10-30 22:04:57,2019-10-30 22:09:24,0,84.87.45.33,100,267,1,2019-10-30 22:09:24,R_3M0CkhedaUGLru0,,,,,50.9409942626953125,5.801605224609375,anonymous,EN,4,3,4,3,5,5,6,2,4,5,3,3,2,3,4,4,4,3,4,4,3,1,niks,"vaak stonden 2 dezelfde artikelen gelijktijdig op de site.
De keuze om zelf te selecteren is te beperkt",1,33,5,4,5,6,5,6,4,5,5,4,2,1484773238,0
2019-10-31 09:07:07,2019-10-31 09:12:25,0,62.131.193.49,100,318,1,2019-10-31 09:12:26,R_2dhm4VFEjNCrxzl,,,,,52.447296142578125,4.8408050537109375,anonymous,EN,6,7,6,6,7,7,7,4,5,7,6,6,6,6,5,6,6,5,6,6,5,1,o.oo,"ik heb niets met sport , vond er veel items bij die over sport gingen",2,,7,7,5,6,6,7,7,7,6,7,2,1074575082,0
2019-10-31 12:17:54,2019-10-31 12:21:43,0,77.251.0.177,100,228,1,2019-10-31 12:21:43,R_2qCArhrJ6guCbTC,,,,,51.873504638671875,4.4893951416015625,anonymous,EN,7,1,6,6,1,2,1,5,6,2,6,6,6,6,6,6,6,6,6,6,5,5,0 euro,,2,,4,4,4,6,4,5,5,2,2,4,2,1333110857,0
2019-10-31 12:28:41,2019-10-31 12:32:32,0,62.131.209.167,100,231,1,2019-10-31 12:32:33,R_1kSvesfJIHAr4qd,,,,,52.261199951171875,4.4945068359375,anonymous,EN,6,5,6,5,6,6,6,4,5,7,5,5,4,6,6,6,6,6,6,6,7,6,7.50,,2,,7,7,7,7,6,6,6,7,6,7,2,193074,1
2019-10-31 16:03:29,2019-10-31 16:09:52,0,80.60.88.9,100,382,1,2019-10-31 16:09:52,R_vIC70eAFJQaWjgB,,,,,52.160797119140625,4.5243072509765625,anonymous,EN,6,4,6,4,5,7,2,7,6,3,6,5,5,6,5,5,5,5,5,5,6,4,10,Was echt heel handig en niet van die ellenlange verhalen die mij altijd tegen houden het nieuws te lezen!Kort en bondig is wat ik wil en natuurlijk zelf keuzes maken.,2,,7,6,7,6,5,7,3,3,3,3,2,1484773892,0
2019-10-31 19:04:38,2019-10-31 19:09:53,0,86.83.1.172,100,314,1,2019-10-31 19:09:53,R_pruRoMPhxWW7XiN,,,,,51.81390380859375,4.6685943603515625,anonymous,EN,7,5,7,5,6,4,4,5,4,6,3,3,3,5,5,5,5,4,5,5,6,1,1,,2,,6,2,4,6,6,6,6,7,7,7,3,1484775487,0
2019-10-31 19:37:51,2019-10-31 19:43:06,0,77.173.85.123,100,315,1,2019-10-31 19:43:07,R_25BCxN0ZW4wAdhS,,,,,52.07470703125,4.2816925048828125,anonymous,EN,7,4,7,4,4,2,2,6,6,1,4,5,4,6,7,7,7,6,6,5,6,4,"1,00",Geen,2,,4,4,4,4,4,6,6,7,7,4,3,1484761197,1
2019-10-31 20:07:47,2019-10-31 20:10:53,0,178.85.19.68,100,186,1,2019-10-31 20:10:53,R_1g8E49f9oWWOS96,,,,,51.8242034912109375,4.6522979736328125,anonymous,EN,5,5,5,4,3,4,4,5,5,5,4,5,5,5,5,5,5,5,4,4,5,3,0,,2,,5,4,5,5,5,6,6,4,4,3,3,1484762938,0
2019-10-31 20:46:52,2019-10-31 20:51:38,0,83.87.142.86,100,285,1,2019-10-31 20:51:38,R_1oIwjkZ35Otf564,,,,,52.2458953857421875,5.3690948486328125,anonymous,EN,6,5,3,4,5,6,6,2,4,6,4,3,3,4,5,5,5,4,5,5,4,2,0,,1,23,6,5,6,7,5,7,4,3,4,2,3,1484778451,0
2019-10-31 20:48:10,2019-10-31 20:56:27,0,77.163.210.149,100,497,1,2019-10-31 20:56:27,R_brBWpJXblpWkPNn,,,,,52.4949951171875,4.790802001953125,anonymous,EN,6,7,6,2,7,6,7,7,6,7,7,4,3,5,5,5,6,3,4,4,1,1,Ik ben niet bereid te betalen,,2,,7,4,7,7,4,4,1,2,2,4,3,1484761377,0
2019-10-31 21:02:41,2019-10-31 21:06:32,0,82.176.183.190,100,231,1,2019-10-31 21:06:34,R_eyrgXqoT3cJZRZv,,,,,51.489501953125,3.6284027099609375,anonymous,EN,6,4,6,4,6,6,6,4,5,4,4,6,6,6,5,5,5,5,4,5,4,1,niets,Het mag wel wat spannender met plaatjes,2,,6,4,6,6,5,6,5,4,4,6,1,1484782522,1
2019-11-01 00:36:06,2019-11-01 00:40:39,0,84.24.231.144,100,273,1,2019-11-01 00:40:39,R_1mWouZhQuTQl0Nt,,,,,51.5572967529296875,5.0791015625,anonymous,EN,7,5,5,5,5,4,5,2,2,6,6,4,5,6,7,7,7,7,7,7,5,1,0,als ik naar nieuwe artikelen wil gaan en druk op andere selectie kom ik nog vorige berichten tegen en die hoef ik niet meer te lezen,2,,6,4,5,7,5,7,7,4,4,4,1,1107385090,1
2019-11-01 06:58:04,2019-11-01 07:00:37,0,163.158.248.85,100,153,1,2019-11-01 07:00:37,R_1JFM7AiQsPeWRx3,,,,,51.917205810546875,4.409698486328125,anonymous,EN,5,6,5,4,7,7,6,2,3,7,4,3,1,6,4,4,4,3,4,3,2,1,0,,2,,5,6,6,6,7,7,7,4,1,3,2,1484769507,1
2019-11-01 08:35:34,2019-11-01 08:38:43,0,77.173.183.200,100,189,1,2019-11-01 08:38:44,R_1jZJnyukOqm66Dw,,,,,51.4810943603515625,5.6645050048828125,anonymous,EN,5,5,5,4,4,4,5,3,3,5,4,4,3,5,5,5,5,6,5,5,4,1,0,,2,,5,3,4,6,6,6,5,5,5,3,3,1484783249,1
2019-11-01 09:24:43,2019-11-01 09:41:02,0,77.172.185.21,100,978,1,2019-11-01 09:41:02,R_3s4ajiOp0K0iHFm,,,,,51.97979736328125,5.92559814453125,anonymous,EN,5,3,6,2,1,2,2,6,6,5,5,5,5,5,5,5,5,5,6,5,5,1,0,,2,,6,6,6,5,4,6,4,3,5,2,3,1560451652,0
2019-11-01 10:22:17,2019-11-01 10:27:11,0,95.96.225.105,100,293,1,2019-11-01 10:27:11,R_1IgVThLhfbvGTH1,,,,,52.12530517578125,6.231201171875,anonymous,EN,5,3,4,3,5,4,5,3,4,5,3,4,3,4,5,5,5,5,4,4,4,1,0,"Ik snap nu eigenlijk niet wat jullie hier mee willen. De website is gewoon een nieuws aggregator, daar zijn er al velen van. ",2,,5,4,6,3,5,3,5,2,2,5,2,1573227621,1
2019-11-01 11:05:55,2019-11-01 11:25:00,0,86.84.87.99,100,1144,1,2019-11-01 11:25:01,R_ywDxlx6JWLfwzIt,,,,,53.3311004638671875,6.5214996337890625,anonymous,EN,3,5,3,5,2,4,5,1,2,5,3,3,3,1,1,1,1,1,1,1,1,1,niks,"het is onoverzichtelijk en overbodig, sites zoals nu.nl geven heel duidelijk alle informatie wat hier ook op te vinden was 
Ik denk dat er geen vraag is naar nóg een website waar je nieuws kunt vinden",2,,3,3,6,6,5,6,6,6,6,6,3,1649587367,1
2019-11-01 12:03:13,2019-11-01 12:12:27,0,82.217.126.127,100,554,1,2019-11-01 12:12:29,R_3nTq6RIcowxeRXq,,,,,52.0684967041015625,5.1013946533203125,anonymous,EN,7,4,7,2,3,4,3,5,7,5,6,7,6,7,7,7,7,7,7,7,7,2,"1,00",Ik vond het een duidelijke website om op te kijken en aan de hand van mijn persoonlijke interesse die onderwerpen te kiezen die ik belangrijk vond om te lezen.,2,,5,6,7,5,5,7,6,4,3,2,2,1484697130,0
2019-11-01 15:36:35,2019-11-01 15:39:01,0,213.127.49.91,100,146,1,2019-11-01 15:39:01,R_2TBkZbdJ3byNkZw,,,,,52.281097412109375,4.826995849609375,anonymous,EN,5,3,5,3,4,4,3,3,4,4,3,4,3,3,4,4,5,5,5,4,6,3,2,,2,,4,4,4,4,4,4,3,5,5,6,2,1570829769,1
2019-11-02 08:27:23,2019-11-02 08:35:15,0,78.109.0.148,100,471,1,2019-11-02 08:35:15,R_293LFiOdvdH4pPb,,,,,52.3824005126953125,4.899505615234375,anonymous,EN,6,5,6,4,6,5,7,3,2,7,2,2,1,6,5,3,5,6,4,4,6,4,€ 5.-,,1,€ 60.-,5,4,7,7,6,7,7,6,4,6,1,1484771473,0
2019-11-02 09:53:12,2019-11-02 09:57:19,0,92.109.187.146,100,247,1,2019-11-02 09:57:21,R_3Li2aPq3Ut7gTkP,,,,,51.439605712890625,5.4589996337890625,anonymous,EN,7,4,3,1,1,7,7,1,1,7,4,1,1,1,1,1,1,7,4,1,1,1,0,"Selecties van categorieën werkte niet. Kreeg nog steeds alle genres.
Daarnaast niet duidelijk te zien welke je gekozen had. 

Er is genoeg gratis nieuws te vergaren",2,,3,3,7,7,4,4,1,1,1,7,3,1484706745,0
2019-11-02 10:27:03,2019-11-02 10:31:51,0,86.91.64.28,100,288,1,2019-11-02 10:31:51,R_3hc1SHaH5D9WqO6,,,,,52.1410064697265625,6.1977996826171875,anonymous,EN,4,4,4,4,3,7,7,2,2,7,1,1,1,7,5,5,5,5,5,5,2,1,0,Het kwam wel eens voor dat je een pagina voorgeschoteld kreeg met alle artikelen in hetzelfde genre. Als dat dan net een genre is waar je niets mee hebt is de totale selectie oninteressant.,2,,3,2,7,7,7,7,4,6,6,2,3,1525408888,1
2019-10-29 16:29:48,2019-11-02 11:06:03,0,217.62.36.205,100,326174,1,2019-11-02 11:06:03,R_22PxmZSh5n4jmF2,,,,,51.6244964599609375,5.55780029296875,anonymous,EN,3,6,6,5,7,6,6,1,2,7,2,2,2,5,5,5,4,5,5,5,1,1,0.00,Het voegt niets toe aan bestaande sites. Het nieuw is overal gratis te zien en via bijvoorbeeld RTLZ is het gratis en je krijgt alle informatie,2,,4,7,2,7,6,7,7,7,7,7,1,1484730032,0
2019-11-02 11:09:22,2019-11-02 11:13:26,0,77.160.64.176,100,243,1,2019-11-02 11:13:26,R_4Pj9jOHZxzhvTcB,,,,,52.0579986572265625,4.542694091796875,anonymous,EN,7,4,6,4,1,4,3,2,6,4,4,6,5,6,5,4,7,5,3,6,5,3,4,Geen op of aanmerkingen,2,,1,1,5,4,5,5,5,5,4,2,2,1374553650,1
2019-11-02 13:02:20,2019-11-02 13:05:28,0,82.73.185.140,100,187,1,2019-11-02 13:05:28,R_2V8viveRigsxjMY,,,,,53.22149658203125,6.562896728515625,anonymous,EN,4,3,5,3,5,4,6,4,4,5,3,3,4,5,4,5,5,5,5,5,4,3,5,,1,16,5,2,4,6,4,6,6,7,7,5,1,1484762416,0
2019-11-02 14:00:52,2019-11-02 14:03:53,0,77.169.68.15,100,180,1,2019-11-02 14:03:53,R_7NYFQoSlIatQebf,,,,,52.3643951416015625,5.207794189453125,anonymous,EN,5,5,5,4,3,4,3,5,5,4,5,5,4,4,5,6,5,5,5,5,5,4,€2,Nvt,2,,5,4,6,5,4,4,4,3,4,4,3,1438324659,0
2019-11-02 14:25:59,2019-11-02 14:32:53,0,80.100.15.216,100,413,1,2019-11-02 14:32:53,R_24waBSniYq6nUyP,,,,,52.602294921875,4.693695068359375,anonymous,EN,5,7,6,3,6,5,5,2,7,7,1,5,2,7,6,7,7,5,7,7,3,1,4,"vaak komen dezelfde nieuws stukken van verschillende kranten voorbij . Dan heb je zoiets van he dat heb ik toch al gelezen . Of een nieuwsstukje in super klein stukje geknipt . waar is de rest ? Nieuwsbron staat wel vermeld , dus als je meer erover wilt weten moet je alsnog naar de andere nieuwssite . Erg omslachtig ",2,,1,1,4,7,6,3,7,7,7,1,2,1484709985,1
2019-11-02 14:48:28,2019-11-02 14:50:45,0,77.172.220.184,100,137,1,2019-11-02 14:50:47,R_1FsJTN9TbKxJOgx,,,,,52.1450958251953125,5.3892974853515625,anonymous,EN,7,4,4,6,3,4,2,3,4,4,5,6,5,4,4,4,4,4,4,4,5,4,0,geen,2,,4,4,4,4,5,3,5,5,6,3,3,1622913543,1
2019-11-02 15:22:17,2019-11-02 15:25:17,0,89.98.164.145,100,180,1,2019-11-02 15:25:18,R_2tmtqfFFcZ6p1sE,,,,,52.392303466796875,5.175994873046875,anonymous,EN,5,3,5,3,5,4,5,2,2,6,2,2,2,3,3,3,3,4,2,2,2,1,0,,2,,5,5,6,6,5,5,3,5,6,6,3,1484776258,1
2019-11-02 17:00:54,2019-11-02 17:03:50,0,77.60.37.163,100,175,1,2019-11-02 17:03:51,R_XCae7Pr50kMXaFz,,,,,52.0572052001953125,5.2877044677734375,anonymous,EN,4,3,3,3,5,5,5,3,3,6,3,3,3,4,4,4,3,3,4,3,4,2,0,geen,1,25,2,3,4,6,2,6,3,5,5,4,3,1484756650,0
2019-11-03 08:53:47,2019-11-03 08:58:24,0,86.95.0.90,100,276,1,2019-11-03 09:58:25,R_1GE2jOr52CB2z8u,,,,,52.53759765625,5.6996002197265625,anonymous,EN,7,2,6,2,7,4,7,2,2,7,2,2,1,6,6,6,6,7,6,4,6,1,0 euro,,2,,2,2,5,7,6,7,7,6,6,4,1,1484758793,0
2019-11-03 12:56:01,2019-11-03 12:59:02,0,217.62.61.175,100,180,1,2019-11-03 12:59:02,R_yPw8Ws3pssa7bEt,,,,,51.585205078125,4.9945068359375,anonymous,EN,4,5,4,5,4,4,3,5,5,5,4,4,3,5,5,5,5,5,5,5,5,1,0,,1,2,6,4,5,6,5,5,5,5,5,2,3,1484772250,1
2019-11-03 18:10:26,2019-11-03 18:13:42,0,62.45.209.105,100,195,1,2019-11-03 18:13:42,R_271k2rRELTNsxeG,,,,,51.997894287109375,4.166595458984375,anonymous,EN,5,5,4,5,6,5,3,5,5,5,4,3,2,5,4,5,5,6,5,4,5,2,1,Gezien andere nieuwswebsites gratis zijn zal betalen niet werken tenzij het echt exclusieve journalistieke informatie is (follow the money bijvoorbeeld),1,15,5,3,5,5,5,5,5,6,5,6,2,1314366846,0
2019-11-04 00:09:52,2019-11-04 00:12:42,0,77.161.5.103,100,170,1,2019-11-04 00:12:44,R_3G3yQwIPs0vkKpx,,,,,52.153594970703125,6.7528076171875,anonymous,EN,3,5,3,5,6,6,6,1,1,7,1,1,1,6,5,5,4,4,4,2,1,1,0,te veel nieuws over sport,2,,7,7,5,4,4,5,4,3,3,5,1,1484762833,0
2019-11-04 08:47:09,2019-11-04 08:50:35,0,185.46.213.82,100,206,1,2019-11-04 08:50:37,R_VIlxnRJGUDo0Kcx,,,,,52.3824005126953125,4.899505615234375,anonymous,EN,7,2,7,2,7,7,7,1,1,7,1,1,1,2,1,1,1,1,1,1,2,1,0,"Het is heel onhandig dat je niet zelf het nieuws kan kiezen dat je wilt lezen. Werkt omslachtig en je weet ook niet wat het nieuwste nieuws is. Deze website haalt je wel uit je bubbel, omdat je met allerlei nieuws in aanraking komt",1,1,1,1,4,7,5,7,7,7,7,2,1,1484720955,0
2019-11-04 10:32:35,2019-11-04 10:37:48,0,145.130.40.164,100,312,1,2019-11-04 10:37:49,R_ZvJzO2GgJ3uEnv3,,,,,51.571197509765625,5.0543975830078125,anonymous,EN,4,2,4,5,6,4,6,2,2,7,2,2,7,4,3,3,3,3,4,3,4,3,5,"Bedankt voor de deelname aan deze enquête. ",2,,6,6,7,2,5,4,2,4,4,6,2,1484772722,1
2019-11-04 10:39:29,2019-11-04 10:44:30,0,212.204.186.188,100,301,1,2019-11-04 10:44:31,R_24ADsPipccVjFXI,,,,,52.2635040283203125,6.141693115234375,anonymous,EN,3,4,2,3,6,6,6,2,3,6,2,2,2,4,5,5,5,5,5,6,5,1,0,minder variety-artikelen en ook minder sport,1,5,6,6,6,5,6,5,6,6,5,4,2,1282944098,0
2019-11-04 10:52:48,2019-11-04 10:55:20,0,145.129.167.158,100,151,1,2019-11-04 10:55:20,R_1lgXD7ad4JE9K8g,,,,,53.315704345703125,6.86700439453125,anonymous,EN,3,3,4,3,2,6,6,3,3,5,6,2,2,4,4,4,4,3,3,2,4,3,0,,2,,2,2,6,5,4,5,5,5,6,4,2,1484695736,1
2019-11-04 13:41:21,2019-11-04 13:45:57,0,145.102.240.74,100,275,1,2019-11-04 13:45:57,R_XnbulBx73QeNNHr,,,,,52.3876953125,4.884002685546875,anonymous,EN,5,3,5,3,5,4,5,3,4,6,3,3,3,3,3,4,4,3,3,4,4,2,5,Geen,1,30,5,3,5,5,5,5,5,3,5,3,2,1597353833,0
2019-11-04 15:42:52,2019-11-04 15:47:29,0,77.251.13.176,100,276,1,2019-11-04 15:47:29,R_3NBW3IjvYK0VFLA,,,,,51.55670166015625,5.6894989013671875,anonymous,EN,5,5,5,5,2,5,2,5,6,5,6,3,5,6,6,5,6,5,5,4,5,2,0,"soms drukte ik dezelfde omdat die ineens verplaatst was. ",2,,2,2,4,7,7,7,7,3,3,1,3,1389435772,0
2019-11-04 16:12:56,2019-11-04 16:14:15,0,86.94.47.130,100,78,1,2019-11-04 16:14:15,R_2aG0IMjNuaYsh0d,,,,,52.0482025146484375,4.22979736328125,anonymous,EN,6,6,6,6,4,4,4,4,4,4,4,4,4,5,5,5,5,5,5,5,5,1,0,,2,,4,4,4,4,4,4,4,4,4,4,2,1484778311,0
2019-11-04 17:40:25,2019-11-04 17:42:28,0,82.168.149.62,100,122,1,2019-11-04 17:42:29,R_putq1eNgKBBxY5j,,,,,51.83050537109375,5.84869384765625,anonymous,EN,5,4,5,5,5,4,3,4,5,5,4,4,4,5,4,4,4,4,4,4,4,3,"3,00",,2,,5,4,5,5,4,5,5,3,4,5,3,1484778443,1
2019-11-04 19:02:15,2019-11-04 19:06:31,0,82.176.181.39,100,256,1,2019-11-04 19:06:32,R_1Q5UfPsiV3AcAzu,,,,,51.484893798828125,3.6154937744140625,anonymous,EN,4,2,3,4,7,7,7,1,1,7,1,1,1,2,1,2,1,1,1,3,1,1,"0,00","Ik vond het niet fijn werken, zelfs na het toevoegen van de sliders voor gepersonaliseerde content merkte ik vrijwel geen verschil, en kreeg ik voornamelijk irrelevante zaken te lezen. Verder kan ik met dit concept niet kiezen ook andere bronnen te bekijken over het zelfde onderwerp, zoals bijvoorbeeld wel in Google News kan. Tegenwoordig is dit een onmisbare functie. Ook denk ik dat dit concept een te kleine hoeveelheid nieuws laat zien; als er iets is waar je interesse in hebt en dat wordt toevallig niet ingeladen, zul je het missen.",2,,2,3,6,6,2,5,5,7,7,2,2,1321581531,0
2019-11-04 19:21:24,2019-11-04 19:37:33,0,83.160.95.103,100,968,1,2019-11-04 19:37:33,R_3r09MgzLUR9reTh,,,,,52.0811004638671875,4.2942047119140625,anonymous,EN,3,4,3,4,6,5,5,2,4,6,3,2,2,4,4,4,4,4,4,4,2,1,0,"ik krijg tot nu toe wel het nieuws dat ik wil hebben. Inderdaad soms wat te summier. Wat ik aantrekkelijk vind aan de website is, dat er - net als bij nu.nl - een kort stukje van het artikel staat, waardoor je al een indruk hebt waar het over gaat, dus of het de moeite waard is om verder te lezen. Wat ik minder vind, is dat er te weinig artikelen op een pagina staan. Maar dat kan heel goed alleen voor het onderzoek zijn geweest. En ik kwam ook veel sport en entertainment tegen; onderwerpen waar ik niets mee heb. Ik had liever politiek, economisch en financieel nieuws gezien. En natuurlijk ook de actuele binnenlandse, buitenlandse en lokale gebeurtenissen.
In ieder geval veel succes met het vervolg.
En laat maar weten als ik nog iets kan betekenen.",2,,5,4,5,7,5,6,6,5,5,3,1,1147761714,1
2019-11-04 19:58:27,2019-11-04 20:04:11,0,81.204.94.124,100,343,1,2019-11-04 20:04:11,R_3pisOQXZYMZGK5r,,,,,52.377899169921875,5.77679443359375,anonymous,EN,5,2,6,2,2,2,2,5,6,3,5,5,3,6,5,6,6,6,6,6,4,2,0,Geen,2,,3,2,6,5,5,3,5,3,3,3,1,1484763419,1
2019-11-04 22:02:01,2019-11-04 22:03:38,0,86.89.118.204,100,97,1,2019-11-04 22:03:39,R_Av5X441SaBoOh5n,,,,,51.933502197265625,4.6074981689453125,anonymous,EN,5,4,7,4,1,5,6,4,6,7,6,6,7,5,4,7,4,5,5,6,5,6,3,,2,,6,4,4,6,5,7,6,5,5,6,1,1484763223,0
2019-11-04 23:56:15,2019-11-05 00:00:57,0,143.176.6.220,100,282,1,2019-11-05 00:00:59,R_2tgpwQTxhaPVXVB,,,,,51.975494384765625,5.675994873046875,anonymous,EN,7,7,7,4,1,7,1,7,7,1,4,7,4,7,7,7,7,7,7,7,7,1,0,,2,,4,1,4,7,7,7,7,7,7,7,2,1559646161,0
2019-11-05 00:53:36,2019-11-05 00:57:36,0,86.91.126.97,100,240,1,2019-11-05 00:57:37,R_3QK9WVjHOIInCj5,,,,,51.80560302734375,5.8282012939453125,anonymous,EN,4,5,4,5,6,4,5,3,1,7,1,1,1,4,5,5,5,5,4,5,4,1,niets,"Het voorkeuren van genres nieuws aangeven, werkte niet.",2,,7,4,6,5,4,5,7,2,1,1,3,1484767268,0
2019-11-05 10:54:47,2019-11-05 10:57:11,0,217.101.72.19,100,144,1,2019-11-05 10:57:11,R_OgagXsNL0Ft2kox,,,,,50.868499755859375,6.0048065185546875,anonymous,EN,5,3,5,3,3,4,5,3,4,5,3,3,2,4,4,4,4,4,4,3,3,1,0,,2,,6,5,7,7,4,7,7,6,7,2,1,1555393927,0
2019-11-05 11:29:19,2019-11-05 11:31:54,0,82.173.197.142,100,155,1,2019-11-05 11:31:56,R_XS0EoNHoEolSh69,,,,,52.4980010986328125,6.0937042236328125,anonymous,EN,6,3,5,3,4,2,3,4,4,4,3,4,3,5,4,5,5,4,4,4,3,1,0,,1,1,4,3,4,5,4,7,5,6,3,4,2,1484757990,0
2019-11-05 11:31:16,2019-11-05 11:35:19,0,185.46.212.55,100,242,1,2019-11-05 11:35:19,R_3KNQi2iAQaBc4UB,,,,,52.3824005126953125,4.899505615234375,anonymous,EN,5,6,5,6,6,7,7,2,4,7,5,4,3,2,2,2,2,2,2,1,1,1,0,"website was slecht te lezen. artikelen waren onduidelijk. sommige zinnen liepen niet goed door. 
Ik zie geen toevoeging aan het nieuwsaanbod wat er nu al is.",2,,3,1,4,7,1,3,5,7,7,5,3,1254635373,1
2019-11-05 18:10:50,2019-11-05 18:13:16,0,82.94.23.166,100,145,1,2019-11-05 18:13:17,R_33evBS5H7WghqKL,,,,,52.3585052490234375,6.475494384765625,anonymous,EN,7,7,7,7,7,7,7,7,7,7,7,7,7,7,7,7,7,7,7,7,7,7,0,,2,,7,7,7,7,7,7,7,7,7,7,3,1575523699,0
2019-11-05 19:11:53,2019-11-05 19:14:18,0,213.127.2.57,100,144,1,2019-11-05 19:14:18,R_8tZbXK7Np8Vzy2B,,,,,52.3578948974609375,4.8509979248046875,anonymous,EN,7,4,7,3,1,4,1,1,7,1,6,7,6,7,7,7,7,7,7,7,6,6,0,,2,,7,4,7,5,4,7,7,1,1,1,3,1351058451,1
2019-11-05 20:54:00,2019-11-05 20:56:08,0,82.73.140.175,100,127,1,2019-11-05 20:56:09,R_1H2aHeDnPTiRCuQ,,,,,53.19500732421875,6.5727996826171875,anonymous,EN,5,4,6,2,1,4,2,3,6,1,5,4,2,5,5,5,5,5,4,4,5,1,0,,2,,4,2,5,7,5,6,4,5,6,6,2,1348936357,1
2019-11-06 08:47:44,2019-11-06 08:54:23,0,62.238.39.124,100,399,1,2019-11-06 08:54:23,R_OeYfmceLzMv8roR,,,,,51.2624969482421875,4.05029296875,anonymous,EN,4,4,4,3,5,4,5,3,2,6,4,4,3,5,5,5,4,5,5,5,4,1,0,"Leuke opzet. Maar ervoor betalen, nee. ",2,,4,4,5,4,4,5,5,4,4,2,1,1356722949,1
2019-11-06 09:35:34,2019-11-06 09:39:02,0,92.64.206.101,100,207,1,2019-11-06 09:39:03,R_1I6gxJ0llff1tm6,,,,,51.590301513671875,4.809295654296875,anonymous,EN,5,3,5,3,5,4,3,5,5,4,5,5,5,5,5,5,5,5,4,4,5,4,"2,50",geen,1,10,4,2,5,6,5,5,5,4,4,3,2,1484743436,0
2019-11-06 12:21:32,2019-11-06 12:43:40,0,86.91.187.12,100,1328,1,2019-11-06 12:43:42,R_3CBl0rDMs66nUr2,,,,,51.886505126953125,5.431396484375,anonymous,EN,2,6,3,5,6,4,7,2,1,7,4,2,2,4,5,3,5,6,5,4,3,1,0,,2,,4,5,6,5,5,6,5,6,3,2,1,1484730878,1
2019-11-06 17:23:28,2019-11-06 17:25:23,0,213.127.49.6,100,115,1,2019-11-06 17:25:26,R_1j6xiWJGWMFFu8Q,,,,,52.3990936279296875,4.9358062744140625,anonymous,EN,6,4,7,4,3,3,1,6,4,3,3,5,3,6,6,6,6,6,6,7,7,4,3,geen,2,,4,3,4,5,4,5,4,4,4,4,2,1484779109,0
2019-11-06 17:15:05,2019-11-06 17:29:50,0,85.147.105.81,100,884,1,2019-11-06 17:29:50,R_2cqhSNIaR57Xozo,,,,,53.24749755859375,6.5890045166015625,anonymous,EN,6,4,6,4,5,4,3,4,5,6,5,3,4,3,5,5,5,5,5,5,6,4,niet veel,,2,,6,5,6,6,4,6,5,4,4,4,1,1493406555,1
2019-11-06 19:50:48,2019-11-06 19:53:48,0,81.204.123.33,100,180,1,2019-11-06 19:53:49,R_2zupCkHwhXL6s6G,,,,,51.806793212890625,4.683807373046875,anonymous,EN,7,6,7,5,2,6,2,7,7,4,7,7,7,7,7,7,7,7,7,7,7,4,5,ik vond dit heel leuk om te doen en hoop op een vervolg,1,"7,50",4,4,4,7,7,7,7,4,4,2,2,1484782202,1
2019-11-06 20:37:45,2019-11-06 20:39:15,0,84.28.96.138,100,90,1,2019-11-06 20:39:16,R_3kInyZ6nq7qvinS,,,,,52.547393798828125,5.904998779296875,anonymous,EN,5,2,5,2,4,3,3,4,3,5,3,2,2,5,3,5,5,5,4,3,4,2,0,,1,20,2,3,5,6,5,6,6,5,6,3,3,1324104679,1
2019-11-07 03:41:59,2019-11-07 03:47:52,0,213.127.19.31,100,352,1,2019-11-07 03:47:54,R_1C8Y3YU5IzHimc5,,,,,52.101898193359375,5.09759521484375,anonymous,EN,3,4,4,4,5,4,5,1,2,5,3,3,3,1,3,4,4,4,4,3,1,1,0,"De site is erg amateuristisch opgezet. De artikelen zijn vaak erg slecht opgemaakt. De persoonlijke selectie wordt niet opgeslagen. De site is extreem langzaam bij het laden van pagina's. ",1,10,2,2,5,7,4,1,4,6,6,3,3,1484764686,1
2019-11-07 07:00:12,2019-11-07 07:03:11,0,87.208.3.225,100,179,1,2019-11-07 07:03:12,R_2B3Wrn4lNFnC4VP,,,,,53.2301025390625,6.5724945068359375,anonymous,EN,7,4,7,5,2,6,2,6,3,7,6,5,3,5,7,7,7,6,3,6,7,1,0,,2,,6,5,6,7,7,7,7,7,7,7,3,1652352813,0
2019-11-07 08:02:14,2019-11-07 08:05:21,0,213.247.73.10,100,187,1,2019-11-07 08:05:22,R_dgpf2RHh99pXkMp,,,,,51.8656005859375,4.66290283203125,anonymous,EN,7,3,3,3,3,3,4,4,4,6,4,3,2,3,3,3,3,3,3,3,3,1,0,,2,,7,7,7,5,6,6,6,1,1,1,3,1646686606,0
2019-11-07 08:52:18,2019-11-07 08:57:50,0,213.127.95.96,100,332,1,2019-11-07 08:57:50,R_1kUCWFi4ogvPeY2,,,,,51.8957061767578125,4.558807373046875,anonymous,EN,5,4,5,4,5,5,5,3,4,4,5,4,3,5,5,5,5,4,4,4,5,3,o,ik zou er meer gebruik van  maken als ik meer zelf kon kiezen in het begin welke onderwerpen ik iets wil zien. Kreeg soms teveel van hetzelfde te zien,2,,4,4,4,7,4,6,6,6,6,6,2,1407799762,1
2019-11-07 11:21:59,2019-11-07 11:23:55,0,86.90.231.168,100,115,1,2019-11-07 11:23:56,R_22rkMds3bNpXxAT,,,,,51.4141998291015625,5.8231048583984375,anonymous,EN,2,7,3,6,2,3,5,2,2,5,5,2,2,3,3,3,3,3,3,3,1,1,0,,2,,1,1,5,7,5,6,7,7,7,7,3,1577332199,0
2019-11-07 12:34:31,2019-11-07 12:37:32,0,81.205.50.167,100,181,1,2019-11-07 12:37:32,R_1Fbskfo1SEb2Iff,,,,,51.756500244140625,4.151092529296875,anonymous,EN,6,4,5,5,1,4,4,4,5,3,6,6,6,6,6,6,6,6,6,6,5,1,0,geen vragen of opmerkingen,2,,4,2,5,6,5,7,7,2,2,1,2,1505885515,0
2019-11-07 14:40:48,2019-11-07 14:44:02,0,86.91.89.49,100,193,1,2019-11-07 14:44:03,R_3O8igqOtF4oTUaN,,,,,51.9824981689453125,5.0785980224609375,anonymous,EN,5,3,5,3,4,4,3,3,4,5,2,2,2,5,5,5,5,5,4,5,5,5,Niets,,2,,4,2,5,7,5,3,6,3,3,3,2,1409822515,1
2019-11-08 07:38:24,2019-11-08 07:44:26,0,87.208.226.196,100,361,1,2019-11-08 07:44:27,R_3dXQsYuM2nrRXQn,,,,,50.85040283203125,5.7122955322265625,anonymous,EN,7,5,6,3,3,3,3,4,3,6,4,5,4,6,6,6,6,6,6,6,5,2,1,Het zou handig zijn als men ook categorieën zou kunnen kiezen. En niet alleen de optie die er nu was gemengd,2,,5,5,7,6,6,5,6,4,5,4,2,1523630509,0
2019-11-08 11:10:24,2019-11-08 11:14:15,0,185.98.144.169,100,231,1,2019-11-08 11:14:15,R_1gow3x0T55jY3EU,,,,,52.8892059326171875,6.09210205078125,anonymous,EN,5,2,5,2,4,5,5,2,4,5,2,2,2,5,4,5,5,5,5,3,4,1,0,,2,,5,4,5,5,5,5,5,4,4,3,2,1484753123,1
2019-11-08 13:15:42,2019-11-08 13:20:53,0,213.233.233.94,100,311,1,2019-11-08 13:20:54,R_1JOromHos4jOwCJ,,,,,52.260101318359375,6.2270050048828125,anonymous,EN,4,5,4,5,5,5,5,3,4,6,3,4,3,3,4,4,4,4,4,5,2,1,0,"Het Nederlands in de vragenlijst loet te wensen over.
De artikelen in de selectie waren voor mij niet echt relevant. De belangrijke items vind ik ook op nos.nl en dan zijn ze beter geschreven.",1,40,5,5,4,6,5,6,6,6,6,6,1,1484762858,1
2019-11-08 19:05:01,2019-11-08 19:10:24,0,77.164.227.39,100,323,1,2019-11-08 19:10:25,R_WlKhA883hj7PSud,,,,,51.556793212890625,5.109100341796875,anonymous,EN,5,4,4,4,3,5,3,5,6,4,5,4,3,6,6,7,7,7,6,7,7,5,5,,2,,6,6,6,5,6,7,4,5,5,3,2,1651695621,1
2019-11-09 22:06:36,2019-11-09 22:18:38,0,87.214.252.143,100,721,1,2019-11-09 22:18:38,R_2vjPpyGLmfAsGlm,,,,,51.4394073486328125,5.4380035400390625,anonymous,EN,7,1,6,1,5,2,4,3,1,7,5,1,1,7,7,7,7,7,7,7,7,7,"2,00","De website is veel te beperkt. Je kunt geen reacties geven. Behalve dan of je je een bericht vreemd vindt of niet. Ook contact leggen is te beperkt. Ik merkte dat de eerste dagen wel leuk waren. Aangezien het een onderzoek is waarmee je best wel even bezig bent, maar waar dan wel weer een vergoeding tegenover staat, is het aan het 'lijntje gehouden' te worden veel te irriterend. Je moet maar blijven inloggen, vragenlijsten komen op hetzelfde neer. En daar baal ik enorm van. Van een universiteit had ik meer kwaliteit verwacht dan wat hier geboden wordt. Ik heb voor meer aan minder lange onderzoeken mee gedaan. Nu zet ik door omdat het anders verloren tijd is, en ook mijn tijd kost geld, maar als ik dit vantevoren had geweten was ik er helemaal niet aan begonnen. Dit heeft mij interesse in een eventuele website waarvoor betaald moet gaan worden ook enorm afgenomen.",2,,3,3,6,5,7,7,7,1,1,1,1,1484760543,1
2019-11-10 10:34:23,2019-11-10 10:36:03,0,86.91.162.150,100,100,1,2019-11-10 10:36:04,R_2WT3H53ffMV1r6n,,,,,52.53399658203125,6.0569000244140625,anonymous,EN,3,4,3,5,5,4,4,4,3,5,4,3,3,4,3,4,5,4,2,5,4,2,2 euro vijftig,,2,,6,5,6,4,3,5,4,2,3,5,2,1513816966,0
2019-11-10 13:18:12,2019-11-10 13:24:01,0,77.248.171.230,100,349,1,2019-11-10 13:24:02,R_We42z8VdHvLvwmR,,,,,51.8943939208984375,5.4434967041015625,anonymous,EN,5,5,5,3,4,3,3,5,5,3,5,6,2,5,5,6,6,5,5,6,5,4,6,,2,,6,5,6,5,6,4,5,3,3,2,3,1634776707,0
2019-11-11 00:50:18,2019-11-11 00:51:54,0,77.175.133.246,100,96,1,2019-11-11 00:51:55,R_3exzgMFsL49Dnbg,,,,,52.0323944091796875,4.708099365234375,anonymous,EN,6,6,5,4,5,4,4,6,5,6,5,4,4,5,6,5,5,4,5,5,6,2,1€,,2,,4,4,5,3,4,4,4,5,4,5,3,1647943415,0
2019-11-11 11:59:32,2019-11-11 12:05:00,0,86.83.227.103,100,327,1,2019-11-11 12:05:01,R_2PsVb6nqXFvg2fm,,,,,51.961395263671875,5.4232940673828125,anonymous,EN,4,5,5,5,6,5,5,4,5,6,3,3,3,5,5,5,5,5,5,5,4,1,0,"Geen toevoeging ",2,,2,4,6,7,5,7,7,4,4,4,2,1408869921,0
2019-11-11 15:17:53,2019-11-11 15:25:13,0,84.27.253.219,100,440,1,2019-11-11 15:25:14,R_28HAdNZ1Z9yXmjD,,,,,51.6443023681640625,5.3509063720703125,anonymous,EN,4,5,3,5,4,5,5,3,3,5,4,3,3,4,4,4,4,3,3,3,2,1,0,,1,17,4,4,5,7,6,7,7,6,6,4,2,1638658621,1
2019-11-11 22:10:56,2019-11-11 22:16:02,0,86.89.183.254,100,305,1,2019-11-11 22:16:03,R_2yaBNhVpepC4DQx,,,,,52.212493896484375,6.864105224609375,anonymous,EN,7,3,6,3,1,2,6,7,6,3,5,5,5,7,7,7,5,6,4,6,6,4,5,Geen,1,10,7,7,7,7,7,7,7,1,4,6,2,1484763655,0
2019-11-11 23:27:05,2019-11-11 23:30:22,0,213.127.45.66,100,196,1,2019-11-11 23:30:23,R_3h3DWQhJVaJ8ZBV,,,,,52.3578948974609375,4.8509979248046875,anonymous,EN,7,7,7,6,1,1,1,7,7,1,7,7,7,7,7,7,7,7,7,7,7,7,1,Geen.,1,5,7,7,7,7,7,7,7,7,7,7,3,1545524272,1
2019-11-12 19:35:11,2019-11-12 19:37:34,0,83.82.205.160,100,143,1,2019-11-12 19:37:34,R_3EShrQI1Jh6fVuf,,,,,51.9496002197265625,5.2100067138671875,anonymous,EN,5,4,5,4,3,5,5,2,2,6,2,2,2,4,3,4,3,3,3,3,1,1,0,,2,,4,4,2,4,1,3,5,5,6,6,3,1484785282,0
2019-11-13 12:23:35,2019-11-13 12:26:55,0,84.104.84.188,100,200,1,2019-11-13 12:26:57,R_3I5Zi7uyOUThpUp,,,,,52.0735015869140625,4.4983062744140625,anonymous,EN,6,1,6,3,7,7,7,1,1,7,1,1,1,5,4,4,4,3,4,4,4,1,0,,2,,2,2,2,7,4,6,1,7,7,7,1,1484768047,0
2019-11-13 19:30:45,2019-11-13 19:33:06,0,77.173.237.17,100,141,1,2019-11-13 19:33:08,R_VX3jF0O4wBulPRD,,,,,52.1959075927734375,5.418701171875,anonymous,EN,6,2,5,2,6,5,5,3,2,5,4,3,2,5,4,4,4,4,4,4,4,2,0,,2,,6,5,4,5,4,5,5,6,5,4,3,1365021048,1
2019-11-13 23:21:08,2019-11-13 23:26:29,0,77.162.69.37,100,321,1,2019-11-13 23:26:29,R_urmBi7POvS3NAd3,,,,,52.35400390625,5,anonymous,EN,6,6,4,3,5,4,4,5,4,3,3,3,3,5,5,5,5,5,5,5,5,3,"0,00",,2,,4,3,4,5,5,6,6,4,3,3,2,1652741619,0
2019-11-14 13:53:52,2019-11-14 17:54:32,0,77.165.205.22,100,14439,1,2019-11-14 17:54:32,R_1IZD4D1zovo6aHk,,,,,52.07470703125,4.2816925048828125,anonymous,EN,5,5,3,5,6,6,6,2,2,6,2,2,2,2,2,2,2,2,2,2,3,1,niks,geen,2,,7,6,6,5,5,6,5,4,4,5,3,1484761035,0
2019-11-14 18:24:05,2019-11-14 18:27:25,0,85.148.179.137,100,199,1,2019-11-14 18:27:26,R_3KNGniRID4aRlRa,,,,,50.988006591796875,5.8596954345703125,anonymous,EN,5,5,4,3,3,3,3,5,5,3,5,5,4,3,5,5,4,4,4,5,5,3,3,,1,0,3,3,5,5,5,5,4,6,6,3,3,1484757941,0
2019-11-15 14:46:22,2019-11-15 14:54:30,0,109.37.142.21,100,488,1,2019-11-15 14:54:30,R_1Q9lYVzxHteKVMH,,,,,52.135894775390625,5.0182037353515625,anonymous,EN,4,4,3,4,6,5,3,1,1,7,5,2,2,3,1,2,4,3,2,3,1,1,0,,2,,7,6,6,3,4,6,5,4,3,4,1,1484768965,0
2019-11-15 15:49:25,2019-11-15 15:54:49,0,77.173.200.224,100,324,1,2019-11-15 15:54:51,R_rf1tzyC7emfkqyJ,,,,,52.53399658203125,6.0569000244140625,anonymous,EN,4,1,7,2,7,4,7,1,1,7,1,1,1,2,2,2,1,1,4,1,1,1,niets,"Ik had te weinig controle over wat er te voorschijn kwam
De berichten waren erg beperkt, veel herhalingen
",2,,5,5,7,7,7,7,7,6,2,2,2,1484763577,1
2019-11-15 16:27:53,2019-11-15 16:30:16,0,136.143.9.187,100,143,1,2019-11-15 16:30:18,R_231pKtPrB9I5uXf,,,,,52.334197998046875,6.641204833984375,anonymous,EN,6,2,5,3,7,7,7,1,1,7,4,1,1,1,1,5,4,3,2,1,1,1,0,,2,,6,2,6,7,7,7,5,6,7,1,2,1484745860,1
2019-11-16 20:30:34,2019-11-16 20:34:08,0,84.87.0.66,100,214,1,2019-11-16 20:34:09,R_1IQLd9e9hFUKvgL,,,,,51.4949951171875,4.2859954833984375,anonymous,EN,7,1,7,1,7,1,1,7,7,1,7,7,7,7,7,7,7,7,7,7,7,7,10,"
De site selecteert nieuws zoals ik af en toe zou doen. Het is wijs. constructief. duurzaam. Ik vond het leuk om mee te doen. altijd welkom. Heel erg bedankt.",1,25,4,4,7,7,7,7,7,1,1,1,2,1448821733,0
2019-11-17 14:48:00,2019-11-17 14:53:13,0,87.211.252.114,100,312,1,2019-11-17 14:53:13,R_22S4h16KgKRbjIE,,,,,51.8188934326171875,4.64190673828125,anonymous,EN,7,1,7,1,5,3,3,4,3,5,4,2,1,7,5,5,5,6,5,6,7,1,0,Nvt,2,,3,3,6,7,7,7,5,7,7,1,2,1275628083,0
2019-11-17 15:32:39,2019-11-17 15:35:27,0,86.84.100.6,100,167,1,2019-11-17 15:35:27,R_2s1FhM4hiM9c4PS,,,,,52.497406005859375,5.4539947509765625,anonymous,EN,6,5,5,4,3,4,5,3,3,5,5,4,3,6,5,3,4,5,5,3,3,1,0,,2,,6,5,5,6,5,6,6,5,5,4,3,1655406244,0
2019-11-17 21:11:03,2019-11-17 21:22:09,0,145.130.80.19,100,665,1,2019-11-17 21:22:09,R_p4MYDKXG8k824ql,,,,,52.0811004638671875,4.2942047119140625,anonymous,EN,5,4,5,4,2,2,2,4,5,3,4,5,5,5,5,5,5,5,5,5,4,1,0,?,2,,3,2,4,5,4,4,4,6,5,5,2,1484735859,0
2019-11-18 06:08:46,2019-11-18 06:11:57,0,86.82.200.173,100,191,1,2019-11-18 06:11:58,R_22nyoSzdQZhQnXI,,,,,51.9228057861328125,5.849395751953125,anonymous,EN,5,3,5,3,1,7,7,1,1,7,1,1,1,5,1,1,1,1,1,1,1,1,0,zeer beperkt nieuws aanbod,2,,1,1,1,7,1,7,7,7,7,7,2,1484753918,0
2019-11-18 10:47:35,2019-11-18 10:52:26,0,156.114.128.21,100,290,1,2019-11-18 10:52:28,R_3kyOnHBTV9CFy0k,,,,,52.346405029296875,4.8975982666015625,anonymous,EN,6,5,4,5,3,6,6,2,2,7,2,2,1,3,5,4,4,5,4,4,4,1,0,,2,,7,7,6,7,6,7,7,6,4,2,2,1484758656,1
2019-11-18 16:50:23,2019-11-18 16:56:01,0,86.95.160.69,100,337,1,2019-11-18 16:56:03,R_3KW5iAES0FGstUI,,,,,52.153106689453125,5.407806396484375,anonymous,EN,5,4,5,1,1,1,5,4,1,7,4,4,1,7,5,4,3,5,4,3,5,1,0,Blijft geregeld hangen geen teksten dan wilt u ingelogd blijven of uitloggen,2,,5,4,3,5,7,7,6,7,5,4,3,1630770575,0
2019-11-18 20:20:42,2019-11-18 20:23:15,0,77.248.74.253,100,153,1,2019-11-18 20:23:16,R_3hFxlIj1FDVz2Xd,,,,,53.19439697265625,5.9929046630859375,anonymous,EN,5,5,5,5,7,2,5,2,2,7,5,3,1,4,4,4,4,4,4,4,4,1,1,,1,5,3,3,6,6,5,6,4,6,6,6,2,1484766203,0
2019-11-18 20:38:35,2019-11-18 20:40:27,0,77.172.34.126,100,111,1,2019-11-18 20:40:30,R_3HApPvuvn3ZLZwl,,,,,51.9167022705078125,4.503997802734375,anonymous,EN,5,5,4,5,5,5,4,5,5,5,5,6,5,5,5,6,5,5,4,5,6,5,4,,2,,6,5,6,6,6,5,6,5,6,6,3,1484761634,1
2019-11-19 11:40:04,2019-11-19 11:43:57,0,185.68.90.11,100,233,1,2019-11-19 11:44:00,R_3iVjb8ea6KeOqjN,,,,,51.690704345703125,5.2821044921875,anonymous,EN,4,5,4,5,6,4,5,3,2,7,4,3,1,2,4,2,3,4,3,3,2,1,0,,2,,1,1,5,7,4,6,7,7,5,1,2,1407823547,0
2019-11-19 12:26:39,2019-11-19 12:30:41,0,212.182.175.38,100,241,1,2019-11-19 12:30:41,R_5nAPIDaMsWYf89b,,,,,50.95050048828125,5.768096923828125,anonymous,EN,5,2,5,2,5,5,5,2,2,5,2,2,2,4,4,4,4,4,4,4,4,4,0,geen,2,,6,6,6,6,4,5,5,5,4,4,2,1535985180,0
2019-11-19 12:38:02,2019-11-19 12:43:09,0,84.84.157.232,100,306,1,2019-11-19 12:43:10,R_2agJjMYBVwivBzb,,,,,51.6515045166015625,5.6172027587890625,anonymous,EN,7,7,7,2,1,7,3,7,7,3,7,7,7,7,7,7,7,7,7,7,7,4,"€ 7,50","Géén opmerkingen ",1,"€ 35,— . Het abonnement van een regionaal dagblad.",7,2,7,7,6,7,7,6,7,7,1,1484756545,0
2019-11-19 13:34:02,2019-11-19 13:40:10,0,145.53.217.21,100,367,1,2019-11-19 13:40:10,R_2WYftiqZI68YpOW,,,,,52.4730987548828125,4.7480010986328125,anonymous,EN,6,4,6,2,5,4,4,5,4,7,4,3,2,4,4,4,4,5,5,4,6,1,0,"Uitleg over waarom ik niet zou betalen: Er zijn voldoende aanbieders met soortgelijke content die gratis zijn. Zolang deze bestaan, zou ik niet betalen. Ik zou pas betalen als de gratis aanbieders verdwijnen. Maar dan nog zou deze website dan beduidend beter moeten zijn dan andere (betaalde) aanbieders.",2,,3,2,5,6,4,6,4,5,5,4,1,1484707139,0
2019-11-19 13:35:25,2019-11-19 13:47:03,0,94.211.203.233,100,697,1,2019-11-19 13:47:04,R_3dLctv7x4rWzTfd,,,,,52.956298828125,4.76800537109375,anonymous,EN,4,6,4,3,3,3,2,5,2,5,2,2,3,4,4,5,4,4,4,4,5,4,5 euro,,2,,6,4,5,7,5,5,6,4,4,2,1,1358584896,1
2019-11-19 14:47:29,2019-11-19 14:54:13,0,212.187.116.32,100,404,1,2019-11-19 14:54:14,R_27fBAh5roMkghYe,,,,,52.3672027587890625,4.917999267578125,anonymous,EN,3,5,3,5,3,4,4,3,3,5,4,4,4,5,4,5,5,5,4,4,3,1,ik zou NIET bereid zijn te betalen,met plezier deelgenomen maar ook blij achter de rug te hebben,2,,4,4,4,4,4,4,5,4,4,4,2,1407572772,0
2019-11-19 15:16:45,2019-11-19 15:20:23,0,185.46.212.85,100,217,1,2019-11-19 15:20:23,R_PFdR8i7ggWIko0x,,,,,52.3824005126953125,4.899505615234375,anonymous,EN,7,2,7,1,4,2,2,5,6,4,3,4,3,5,6,6,6,6,5,5,5,1,0,geen,2,,4,3,5,6,3,6,6,6,5,1,2,1484764151,1
2019-11-19 15:29:36,2019-11-19 15:32:43,0,84.241.128.18,100,187,1,2019-11-19 15:32:44,R_12gVL393QoJuw20,,,,,52.274505615234375,6.7899932861328125,anonymous,EN,5,4,4,3,7,7,7,1,1,7,1,1,1,1,1,1,1,1,1,1,1,1,0,,2,,7,7,4,5,4,5,7,5,5,7,1,1409015862,0
2019-11-19 16:34:16,2019-11-19 16:36:39,0,145.130.44.125,100,142,1,2019-11-19 16:36:39,R_2duuPYKFjtxKqxO,,,,,51.585205078125,4.9945068359375,anonymous,EN,7,5,7,4,3,3,4,4,4,5,3,6,3,4,5,5,6,6,5,7,5,2,"0,50",,2,,5,3,5,6,5,7,6,7,6,2,2,1484781741,1
2019-11-19 17:27:18,2019-11-19 17:29:22,0,92.111.58.106,100,124,1,2019-11-19 17:29:23,R_Zfsk48B425hCOZj,,,,,51.9156036376953125,4.5146026611328125,anonymous,EN,4,4,5,4,5,6,6,2,2,6,2,2,2,5,3,3,3,3,3,3,2,2,1,,2,,5,4,5,4,5,5,5,5,4,4,3,1484777081,0
2019-11-19 18:02:51,2019-11-19 18:06:19,0,86.94.36.80,100,208,1,2019-11-19 18:06:20,R_3nJjDfeZfeNWmjS,,,,,53.097198486328125,6.8592987060546875,anonymous,EN,5,5,5,4,5,6,6,2,2,7,1,1,1,4,4,4,4,4,4,4,4,1,0,,2,,4,4,6,6,4,4,6,5,5,4,2,1484752452,0
2019-11-19 19:22:14,2019-11-19 19:24:33,0,213.127.0.42,100,139,1,2019-11-19 19:24:33,R_1dhP1moYtXeCO0k,,,,,52.3690948486328125,5.252105712890625,anonymous,EN,6,4,5,4,4,5,5,4,4,6,5,4,4,5,6,6,6,6,6,5,5,2,0,,2,,6,6,6,7,6,6,5,6,6,5,3,1484765013,0
2019-11-19 20:36:32,2019-11-19 20:50:01,0,92.109.123.64,100,808,1,2019-11-19 20:50:01,R_3074znHizs8xjtg,,,,,51.90460205078125,4.24609375,anonymous,EN,6,4,7,4,3,3,2,6,6,4,3,5,4,6,7,7,7,7,7,7,7,6,"15,00",,1,"10,00",5,2,6,5,4,4,3,3,4,2,2,1484765736,1
2019-11-19 21:34:52,2019-11-19 21:39:34,0,94.210.150.118,100,282,1,2019-11-19 21:39:34,R_zfnmXXw8C6YsLct,,,,,52.1670074462890625,4.49609375,anonymous,EN,5,5,5,5,6,6,6,2,5,7,4,2,2,4,5,5,5,5,4,4,3,1,"0 ","Nog meer variatie en genres, misschien met afbeeldingen",1,70,5,4,5,5,5,6,4,5,5,1,3,1417670281,0
2019-11-19 21:58:32,2019-11-19 22:06:42,0,78.109.0.148,100,489,1,2019-11-19 22:06:43,R_3PbIyPDY0XyLinx,,,,,52.3824005126953125,4.899505615234375,anonymous,EN,7,4,7,4,3,4,1,4,6,3,4,7,6,7,7,7,7,7,7,7,6,4,5,Geen opmerkingen,2,,5,4,6,7,6,6,7,5,5,5,2,1403449535,0
2019-11-20 13:01:01,2019-11-20 13:06:27,0,86.86.228.130,100,325,1,2019-11-20 13:06:28,R_1jeS00T3nGwVTx0,,,,,52.4188995361328125,4.6304931640625,anonymous,EN,6,3,4,4,3,4,4,3,2,7,3,2,1,5,5,5,5,3,4,5,3,1,0,website zag er gestructureerd en keurig uit,2,,1,4,4,7,4,7,7,3,4,5,3,1484768528,1
2019-11-20 21:20:24,2019-11-20 21:26:56,0,31.20.31.96,100,391,1,2019-11-20 21:26:56,R_us5CynAFNle7M3v,,,,,52.5142974853515625,4.9618072509765625,anonymous,EN,3,5,3,5,4,5,6,2,3,5,3,3,3,3,3,3,3,3,3,3,3,1,0,ik vond het erg beperkt en weinig variatie,2,,4,4,5,3,4,4,3,3,3,7,2,1484752540,1
2019-11-20 21:59:26,2019-11-20 22:02:48,0,31.151.98.155,100,201,1,2019-11-20 22:02:48,R_3rG6CU9D84I9wWe,,,,,52.211395263671875,5.178802490234375,anonymous,EN,7,6,7,6,4,6,5,6,5,6,5,6,6,6,6,7,7,7,7,6,7,6,1,,2,,6,7,6,5,5,6,3,6,5,6,3,1565321378,0
2019-11-21 17:49:25,2019-11-21 17:53:33,0,86.83.6.24,100,248,1,2019-11-21 17:53:34,R_2PhgJNIeHSojjDO,,,,,51.8022003173828125,4.6631011962890625,anonymous,EN,5,2,5,3,4,4,5,2,3,6,4,4,2,4,3,3,3,3,3,3,2,1,0,,1,10,3,3,5,7,3,5,5,7,7,7,1,1495150084,0
2019-11-24 21:47:13,2019-11-24 21:50:03,0,83.81.211.249,100,170,1,2019-11-24 21:50:03,R_1DLH8xBLjMKJgOv,,,,,52.1204986572265625,4.649505615234375,anonymous,EN,5,4,5,4,5,4,3,5,5,3,4,5,4,5,5,5,5,3,3,4,5,2,0,,2,,4,2,5,5,4,5,5,5,5,6,3,1511784186,1
2019-11-25 18:50:22,2019-11-25 18:54:38,0,31.20.179.229,100,256,1,2019-11-25 18:54:39,R_SH1QWVWOrwCCx7X,,,,,51.9635009765625,6.260101318359375,anonymous,EN,7,3,6,2,7,5,6,2,4,6,5,3,2,6,7,7,7,5,4,5,6,2,0,,2,,7,7,7,7,6,7,7,1,1,7,3,1627035653,0
2019-11-26 14:59:55,2019-11-26 15:00:39,0,213.127.124.148,100,44,1,2019-11-26 15:00:40,R_reXgPBbwmtMxQE9,,,,,52.3473968505859375,4.92840576171875,anonymous,EN,6,5,6,7,6,5,6,7,6,6,5,6,7,6,5,6,7,6,5,6,6,6,"3,50",,1,4,6,7,6,7,6,7,6,7,6,7,1,1499122159,1
2019-11-27 21:51:51,2019-11-27 21:55:14,0,82.161.132.224,100,203,1,2019-11-27 21:55:15,R_dch5YcsZgdKMmZ3,,,,,52.043792724609375,4.9521942138671875,anonymous,EN,3,2,3,2,5,6,6,2,2,7,1,1,1,4,4,4,4,5,4,3,4,1,0,,1,40,6,6,7,6,4,4,3,3,3,1,1,1484711392,0
2019-11-28 14:03:14,2019-11-28 14:08:25,0,86.95.4.40,100,310,1,2019-11-28 14:08:27,R_1rCcSH3xQRaIkcJ,,,,,52.20599365234375,4.867706298828125,anonymous,EN,5,3,4,4,4,4,4,3,4,3,4,3,3,4,4,4,4,4,4,4,4,2,Eigenlijk niets,Was beter geweest elke dag een herinnering te sturen of de site in je mail,2,,1,7,2,7,4,6,6,7,7,6,2,1484735085,0
2019-11-28 21:32:12,2019-11-28 21:34:38,0,81.205.163.246,100,146,1,2019-11-28 21:34:38,R_2pQ4AXpZJakePUQ,,,,,52.38250732421875,4.62420654296875,anonymous,EN,5,5,7,2,2,3,4,3,5,4,4,5,2,5,6,6,5,5,4,5,5,1,0,,1,30,6,6,5,7,6,5,5,4,3,2,2,1354398066,0
2019-12-02 08:17:24,2019-12-02 08:34:21,0,84.81.75.211,100,1017,1,2019-12-02 08:34:23,R_24cpirydEV0v1aN,,,,,51.8462982177734375,5.8625946044921875,anonymous,EN,6,4,5,4,4,4,3,4,4,4,3,2,2,4,5,5,5,5,4,5,3,1,niets er zijn al tal van gratis nieuws sites en apps,"In principe is het wel handig om het nieuws op deze manier te kunnen kiezen en lezen, maar ik vergat het steeds. Een app op je telefoon is voor dit soort dingen handiger en wordt makkelijker gebruikt.",1,35,5,3,6,6,6,7,7,7,7,1,3,1484780508,1
2019-12-02 09:57:32,2019-12-02 10:02:45,0,84.80.163.5,100,313,1,2019-12-02 10:02:46,R_1E4DANwGLItC7hp,,,,,52.3795928955078125,4.8778076171875,anonymous,EN,6,2,6,2,4,3,3,5,5,3,5,4,4,4,4,5,5,5,4,5,4,1,0,Wel een leuk onderzoek,2,,6,3,3,6,1,1,6,2,2,2,2,1547812991,1
2019-12-02 17:08:21,2019-12-02 17:17:01,0,77.164.63.114,100,520,1,2019-12-02 17:17:03,R_OcCHzr89eezEVGx,,,,,51.234100341796875,5.9546966552734375,anonymous,EN,6,5,7,2,5,5,2,5,5,6,4,2,1,1,5,5,5,5,4,1,4,2,0.50,"De website werkt slecht. ",1,"€ 24,00",2,1,5,7,5,7,7,6,6,6,2,1379559405,0
2019-12-03 14:56:41,2019-12-03 14:59:21,0,86.80.249.165,100,160,1,2019-12-03 14:59:22,R_2w0H970rNAmDolQ,,,,,52.101898193359375,5.09759521484375,anonymous,EN,4,6,7,5,6,5,5,4,4,6,3,4,1,5,6,7,6,6,4,5,6,4,hangt van de kwaliteit af,,1,variabel,4,2,5,7,5,7,7,5,7,6,2,1484773440,0
2019-12-04 10:32:19,2019-12-04 10:36:08,0,85.144.2.21,100,228,1,2019-12-04 10:36:08,R_2QKRO8KsxjBaxiE,,,,,52.192901611328125,6.9008026123046875,anonymous,EN,4,3,3,6,5,3,5,2,5,5,4,5,4,4,4,4,4,2,4,4,4,2,0,te veel sport,2,,5,7,6,5,5,6,3,3,3,6,2,1588796187,1
2019-12-04 13:13:35,2019-12-04 13:18:16,0,185.35.33.123,100,280,1,2019-12-04 13:18:16,R_2SxnAGgg7ithpcT,,,,,53.255401611328125,6.035400390625,anonymous,EN,6,4,7,4,2,5,1,6,7,2,7,7,7,6,6,6,6,6,6,6,7,5,4 euro,"geen, alleen, waarom ben ik hiervoor uitgenodigd?",1,15,4,2,5,7,6,7,7,3,3,3,3,1484761831,1
2019-12-09 13:29:54,2019-12-09 13:39:06,0,137.120.129.146,100,551,1,2019-12-09 13:39:08,R_1ln5p2ck5B7n4Vd,,,,,50.8502044677734375,5.6880035400390625,anonymous,EN,5,3,6,3,5,3,3,2,6,3,4,2,3,2,5,6,6,3,2,5,3,1,"0,50",,1," € 24,00",2,2,6,7,7,7,2,6,6,6,2,1379559405,0
