StartDate,EndDate,Status,IPAddress,Progress,Duration (in seconds),Finished,RecordedDate,ResponseId,RecipientLastName,RecipientFirstName,RecipientEmail,ExternalReference,LocationLatitude,LocationLongitude,DistributionChannel,UserLanguage,Diversity_1,Diversity_2,Diversity_3,Diversity_4,strategy_control_1,strategy_control_2,strategy_control_3,strategy_control_4,strategy_control_5,system_control_1,system_control_2,system_control_3,system_control_4,Q1_1,Q1_2,Q1_3,Q1_4,Q1_5,Q1_6,Q1_7,Q2,Q13,group,id,fake
Start Date,End Date,Response Type,IP Address,Progress,Duration (in seconds),Finished,Recorded Date,Response ID,Recipient Last Name,Recipient First Name,Recipient Email,External Data Reference,Location Latitude,Location Longitude,Distribution Channel,User Language,In hoeverre ben je het eens met de volgende stellingen? - De artikelen bevatten gemiddeld veel variatie.,In hoeverre ben je het eens met de volgende stellingen? - De artikelen op één pagina waren vergelijkbaar met elkaar.,In hoeverre ben je het eens met de volgende stellingen? - De artikelen omvatten vele genres.,In hoeverre ben je het eens met de volgende stellingen? - De meeste artikelen behandelden soortgelijke onderwerpen.,In hoeverre ben je eens met de volgende stellingen? - Ik had beperkte controle over de wijze waarop het systeem nieuws voor mij selecteerde.,In hoeverre ben je eens met de volgende stellingen? - Vergeleken met hoe ik het liefst nieuws kies was de methode die het systeem gebruikte erg strict.,In hoeverre ben je eens met de volgende stellingen? - Vergeleken met hoe ik het liefst nieuws kies was het systeem erg beperkend.,In hoeverre ben je eens met de volgende stellingen? - De methode waarop het systeem nieuws selecteert komt overeen met hoe ik dat zelf zou doen.,In hoeverre ben je eens met de volgende stellingen? - Het systeem liet mij toe om keuzes te maken op de manier die ik wil.,In hoeverre ben je eens met de volgende stellingen? - Ik zou graag meer controle willen hebben.,In hoeverre ben je eens met de volgende stellingen? - Ik bepaalde welke informatie gebruikt werd voor het creëren van een nieuwsselectie.,In hoeverre ben je eens met de volgende stellingen? - Het systeem doet wat ik wil.,In hoeverre ben je eens met de volgende stellingen? - Ik had volledige controle over het systeem.,In hoeverre zijn de volgende adjectieven van toepassing op de website? - van hoge kwaliteit,In hoeverre zijn de volgende adjectieven van toepassing op de website? - handig,In hoeverre zijn de volgende adjectieven van toepassing op de website? - functioneel,In hoeverre zijn de volgende adjectieven van toepassing op de website? - praktisch,In hoeverre zijn de volgende adjectieven van toepassing op de website? - nuttig,In hoeverre zijn de volgende adjectieven van toepassing op de website? - verstandig,In hoeverre zijn de volgende adjectieven van toepassing op de website? - efficiënt,Stel dat wij deze test website eens als een officieel versie lanceren. Hoe waarschijnlijk is het dat je deze website toen gebruikt?,"Bedankt! Je hebt nu het einde van deze vragenlijst bereikt. Als je algemene opmerkingen over de website of de vragenlijst hebt, kan je hieronder een commentaar achterlaten.",group,id,fake
"{""ImportId"":""startDate"",""timeZone"":""Europe/Berlin""}","{""ImportId"":""endDate"",""timeZone"":""Europe/Berlin""}","{""ImportId"":""status""}","{""ImportId"":""ipAddress""}","{""ImportId"":""progress""}","{""ImportId"":""duration""}","{""ImportId"":""finished""}","{""ImportId"":""recordedDate"",""timeZone"":""Europe/Berlin""}","{""ImportId"":""_recordId""}","{""ImportId"":""recipientLastName""}","{""ImportId"":""recipientFirstName""}","{""ImportId"":""recipientEmail""}","{""ImportId"":""externalDataReference""}","{""ImportId"":""locationLatitude""}","{""ImportId"":""locationLongitude""}","{""ImportId"":""distributionChannel""}","{""ImportId"":""userLanguage""}","{""ImportId"":""QID3_1""}","{""ImportId"":""QID3_2""}","{""ImportId"":""QID3_3""}","{""ImportId"":""QID3_4""}","{""ImportId"":""QID4_1""}","{""ImportId"":""QID4_2""}","{""ImportId"":""QID4_3""}","{""ImportId"":""QID4_4""}","{""ImportId"":""QID4_5""}","{""ImportId"":""QID5_1""}","{""ImportId"":""QID5_2""}","{""ImportId"":""QID5_3""}","{""ImportId"":""QID5_4""}","{""ImportId"":""QID1_1""}","{""ImportId"":""QID1_2""}","{""ImportId"":""QID1_3""}","{""ImportId"":""QID1_4""}","{""ImportId"":""QID1_5""}","{""ImportId"":""QID1_6""}","{""ImportId"":""QID1_7""}","{""ImportId"":""QID2""}","{""ImportId"":""QID13_TEXT""}","{""ImportId"":""group""}","{""ImportId"":""id""}","{""ImportId"":""fake""}"
2019-10-22 02:24:37,2019-10-22 02:28:46,0,77.172.0.179,100,248,1,2019-10-22 02:28:47,R_2RPmQ4w0gV7BFSS,,,,,51.80560302734375,5.8282012939453125,anonymous,EN,6,4,7,2,3,5,3,5,6,7,5,3,3,5,6,6,6,6,6,6,7,"Grammaticaal klopte het vaak niet.
Heel wat artikelen stonden onder verkeerde onderwerpen.
Nieuws was meestal up to date. 

",4,1639671898,
2019-10-22 07:22:52,2019-10-22 07:26:56,0,86.91.111.20,100,243,1,2019-10-22 07:26:56,R_1LiZdxgeI0nqSax,,,,,51.9185943603515625,4.3827056884765625,anonymous,EN,7,3,6,3,5,4,4,4,5,3,2,5,1,2,6,6,6,6,5,6,4,"Er waren regelmatig artikelen die tekstueel niet helemaal klopte of waar maar 1 regel inhoud in stond. ",3,1647450011,1
2019-10-22 08:54:06,2019-10-22 08:54:35,0,213.127.98.110,100,29,1,2019-10-22 08:54:36,R_3067iWRkwyWi31B,,,,,52.350006103515625,4.9167022705078125,anonymous,EN,5,4,4,4,2,3,6,5,5,4,3,3,6,4,5,3,5,4,4,6,5,,1,1404412017,1
2019-10-22 10:12:10,2019-10-22 10:14:52,0,89.205.128.229,100,161,1,2019-10-22 10:14:52,R_2dATX3VPiMHm7Zj,,,,,52.3531951904296875,4.898193359375,anonymous,EN,4,4,5,4,7,7,7,1,2,6,1,1,1,6,2,3,1,4,4,1,3,"Als ik meer invloed zou hebben op wat voor soort berichten getoond worden zou ik het zeker gebruiken, bijvoorbeeld alle sportberichten eruit. Dan scoort het veel hoger voor mij.",1,1484761150,0
2019-10-22 14:57:28,2019-10-22 14:58:46,0,77.161.202.150,100,78,1,2019-10-22 14:58:47,R_2YE2baze9XbjBU2,,,,,52.138397216796875,6.2317962646484375,anonymous,EN,6,4,6,3,3,3,3,5,6,5,6,7,5,5,4,4,5,5,3,5,5,Nee,4,1484714531,
2019-10-22 15:02:18,2019-10-22 15:04:25,0,217.121.137.14,100,126,1,2019-10-22 15:04:25,R_DOiwE8oZMskmHcZ,,,,,52.3957977294921875,6.2859039306640625,anonymous,EN,6,2,6,2,6,4,5,2,4,5,4,3,2,5,2,7,4,5,5,4,2,,2,1484743674,1
2019-10-22 16:27:09,2019-10-22 16:44:05,0,80.246.200.17,100,1015,1,2019-10-22 16:44:07,R_2EyGf4XzfnA7Wn2,,,,,51.4394073486328125,5.4380035400390625,anonymous,EN,6,3,6,3,6,2,6,2,4,6,2,4,4,4,3,4,4,5,4,4,5,Bij een aantal artikelen liep de tekst niet helemaal logisch door... tussenkopjes (denk ik) stonden gewoon in de tekst.,1,1484759593,1
2019-10-22 21:43:06,2019-10-22 21:46:17,0,86.83.9.9,100,190,1,2019-10-22 21:46:17,R_10uQ3YOmTwc5amx,,,,,52.1204986572265625,4.649505615234375,anonymous,EN,7,1,7,1,4,4,4,6,6,2,3,3,1,5,6,6,6,6,5,6,6,,2,1100683934,1
2019-10-22 22:12:45,2019-10-22 22:18:55,0,84.106.68.234,100,370,1,2019-10-22 22:18:57,R_9Eskv3t9sF8E3jr,,,,,52.0081939697265625,4.335906982421875,anonymous,EN,6,4,6,4,6,5,5,2,3,6,3,3,4,5,6,6,7,6,5,5,6,,3,1311033555,0
2019-10-23 00:29:42,2019-10-23 00:37:51,0,213.127.127.18,100,488,1,2019-10-23 00:37:51,R_3oRE3hH6iA0YbtD,,,,,52.343597412109375,4.966796875,anonymous,EN,4,5,4,4,4,1,1,3,3,6,3,3,2,4,5,5,5,3,3,4,2,heb ik gemaild. veel tekstfouten in deze enquete,2,1484776613,0
2019-10-23 04:13:40,2019-10-23 04:15:15,0,199.119.158.30,100,95,1,2019-10-23 04:15:16,R_1dzEdeTJuuIytGP,,,,,30.7967987060546875,-81.70510101318359375,anonymous,EN,6,4,6,3,3,5,4,5,3,6,5,6,6,3,2,2,2,1,3,3,5,,4,1480088111,
2019-10-23 09:43:51,2019-10-23 09:47:28,0,80.255.245.234,100,217,1,2019-10-23 09:47:28,R_2pRG7nRdikpZn71,,,,,51.41119384765625,5.4561004638671875,anonymous,EN,3,4,3,3,4,3,5,3,3,6,4,4,4,4,5,4,5,4,5,4,5,,2,1484776334,0
2019-10-23 09:49:12,2019-10-23 09:52:59,0,85.150.240.100,100,226,1,2019-10-23 09:53:00,R_3QXF1zoxoLkvLRE,,,,,53.1038970947265625,7.0081024169921875,anonymous,EN,7,4,7,3,6,6,4,4,3,5,2,3,3,5,4,3,4,4,4,2,3,"De lay-out heeft wellicht invloed op de ervaring van de artikelen. Een lay-out als nu.nl zou een positievere invloed hebben. ",2,1484769518,0
2019-10-23 10:08:37,2019-10-23 10:10:27,0,94.214.216.91,100,110,1,2019-10-23 10:10:28,R_3lRcW80aFxWU1Jj,,,,,53.1461944580078125,6.9882965087890625,anonymous,EN,7,4,7,4,1,1,1,7,5,1,4,6,6,6,6,6,6,6,6,6,7,,2,1484722327,1
2019-10-23 10:27:26,2019-10-23 10:29:47,0,89.220.196.2,100,140,1,2019-10-23 10:29:47,R_2V4rPehduRaWjXL,,,,,51.5496063232421875,4.5890960693359375,anonymous,EN,5,6,6,5,6,2,2,4,6,5,2,4,4,4,5,6,5,6,6,6,6,,3,1484726822,1
2019-10-23 10:50:32,2019-10-23 10:55:40,0,77.173.22.39,100,308,1,2019-10-23 10:55:40,R_3pbez33dox7iVFB,,,,,52.2200927734375,6.90069580078125,anonymous,EN,6,7,3,3,3,3,7,1,1,7,1,1,1,5,4,5,6,7,7,6,1,,2,1484760995,1
2019-10-23 11:53:34,2019-10-23 11:59:27,0,77.165.187.12,100,352,1,2019-10-23 11:59:27,R_3ixvnsFFuOuVVTV,,,,,53.24749755859375,6.5890045166015625,anonymous,EN,5,3,7,4,3,4,4,5,4,7,2,2,2,4,4,5,5,6,5,6,4,,4,1484774403,
2019-10-23 12:01:00,2019-10-23 12:05:30,0,217.122.206.146,100,269,1,2019-10-23 12:05:30,R_23WgcIDP0gZxTm1,,,,,52.33880615234375,4.7826995849609375,anonymous,EN,6,2,7,2,6,4,4,3,5,7,7,2,2,4,4,4,5,3,3,1,2,Het zou prettiger zijn om alleen de kopregel te zien zodat er meer keuze mogelijkheden ontstaan op een pagina om uit te kiezen. Het stukje tekst nu onder de kopregel is niet echt een uitnodiging om te gaan lezen,3,1634785903,0
2019-10-23 12:04:51,2019-10-23 12:05:55,0,82.73.225.41,100,63,1,2019-10-23 12:05:56,R_wOjQgRXJgl8gB7X,,,,,53.2256927490234375,6.528594970703125,anonymous,EN,6,3,6,4,3,5,5,4,6,2,3,3,2,6,6,6,6,6,4,5,3,,3,1646331443,0
2019-10-23 12:33:00,2019-10-23 12:35:44,0,83.162.164.65,100,163,1,2019-10-23 12:35:45,R_28AuOtmHtVIxhXU,,,,,52.0883941650390625,5.11749267578125,anonymous,EN,5,3,4,5,5,4,5,4,3,5,2,3,2,4,5,5,5,5,4,4,4,,3,1484761765,0
2019-10-23 13:17:32,2019-10-23 13:21:08,0,77.171.114.133,100,216,1,2019-10-23 13:21:10,R_2coqV2phURgYJWZ,,,,,52.022003173828125,5.1652984619140625,anonymous,EN,6,2,4,2,4,4,3,6,4,5,5,5,4,6,6,6,6,6,5,6,5,,2,1484777812,1
2019-10-23 14:18:52,2019-10-23 14:21:01,0,212.182.138.5,100,128,1,2019-10-23 14:21:01,R_2qzavIKxwdkMoEQ,,,,,53.1977996826171875,5.8090972900390625,anonymous,EN,6,4,6,3,4,4,2,5,4,5,3,4,3,4,5,5,5,5,5,5,6,,1,1627034198,1
2019-10-23 16:58:04,2019-10-23 17:00:26,0,193.177.201.226,100,142,1,2019-10-23 17:00:28,R_2DSVEDHLbDHfIYR,,,,,51.9073028564453125,4.4369964599609375,anonymous,EN,4,6,4,6,6,4,5,3,5,5,2,3,2,3,3,3,3,4,3,3,1,"Veel nieuwsberichten waren hetzelfde of kwamen opnieuw tevoorschijn als ik nieuwe nieuwsberichten naar voren haalde.
",1,1484773973,1
2019-10-23 17:53:34,2019-10-23 17:55:30,0,84.81.62.189,100,115,1,2019-10-23 17:55:30,R_Y9cO7gIBNbq2Gbv,,,,,51.8022003173828125,4.6631011962890625,anonymous,EN,7,3,6,2,7,1,1,4,1,1,1,1,1,5,5,5,5,5,5,5,1,,3,1257418719,1
2019-10-23 18:34:32,2019-10-23 18:37:15,0,163.158.5.79,100,163,1,2019-10-23 18:37:16,R_r9fkpWbXpLYdXdn,,,,,51.9364013671875,4.2718048095703125,anonymous,EN,5,4,5,4,6,3,5,2,4,6,2,3,2,5,5,6,5,5,4,4,5,,2,1515616615,0
2019-10-23 23:16:32,2019-10-23 23:19:43,0,143.179.59.82,100,190,1,2019-10-23 23:19:44,R_12JxfaqEdL7Ha7v,,,,,52.3616943359375,4.8668975830078125,anonymous,EN,6,2,6,2,4,4,1,6,5,2,3,6,3,7,7,7,6,6,6,6,7,"Erg leuk. Soms was ik gewoon artikelen aan het lezen en had ik niet eens door dat het voor het onderzoek was. Bleef dan gewoon de artikelen lezen die ik interessant vindt.
Dit vind ik een goed teken omdat het dus leek of ik gewoon normaal het nieuws zat te lezen.
Fijne site en werkt goed en snel!",3,1616297741,0
2019-10-23 23:22:47,2019-10-23 23:31:46,0,143.179.61.45,100,539,1,2019-10-23 23:31:47,R_1QH4mgMrmWa5Oal,,,,,51.917205810546875,4.409698486328125,anonymous,EN,3,6,3,5,6,6,7,2,3,5,5,3,2,2,3,4,4,5,4,3,1,,2,1643314531,1
2019-10-24 04:39:37,2019-10-24 04:42:22,0,81.206.204.48,100,165,1,2019-10-24 04:42:23,R_2QAik6o5r2ja6JU,,,,,51.25,5.845306396484375,anonymous,EN,5,3,5,2,6,4,5,2,3,6,3,4,5,4,5,4,5,5,4,4,4,te weinig arikelen ober politiek buitenland,1,1484711550,1
2019-10-24 05:14:20,2019-10-24 05:16:37,0,86.84.222.228,100,137,1,2019-10-24 05:16:39,R_3fE1T719sNzJWBE,,,,,52.0684967041015625,5.1013946533203125,anonymous,EN,4,3,3,5,5,6,5,1,3,6,2,2,1,3,5,4,3,5,4,3,5,,3,1484782498,1
2019-10-24 06:44:21,2019-10-24 06:46:21,0,86.83.1.110,100,119,1,2019-10-24 06:46:21,R_Oe4K8e4u2aec3LP,,,,,51.81390380859375,4.6685943603515625,anonymous,EN,5,4,5,5,4,5,5,3,2,6,4,4,2,3,3,3,3,4,4,4,3,,1,1639702494,1
2019-10-24 07:02:54,2019-10-24 07:05:23,0,212.32.242.232,100,149,1,2019-10-24 07:05:25,R_21yuxStOOvtqXit,,,,,51.863494873046875,4.601898193359375,anonymous,EN,6,2,5,1,7,5,5,1,1,6,1,4,3,2,3,5,4,4,3,3,3,,2,1484723727,0
2019-10-24 07:55:10,2019-10-24 08:09:29,0,85.149.139.184,100,859,1,2019-10-24 08:09:30,R_2aW5CH9aaQRypQI,,,,,52.355804443359375,4.6620025634765625,anonymous,EN,7,3,6,5,6,6,5,2,2,7,2,2,2,6,5,5,5,5,5,6,5,,1,1484768200,0
2019-10-24 08:11:27,2019-10-24 08:13:59,0,5.132.106.238,100,151,1,2019-10-24 08:14:00,R_3J9ijhz6EwW0u0e,,,,,52.1699066162109375,5.3874053955078125,anonymous,EN,6,4,6,2,4,4,4,2,4,6,3,3,4,4,4,4,4,4,4,4,4,,3,1616572703,0
2019-10-24 08:39:14,2019-10-24 08:41:34,0,213.233.234.123,100,139,1,2019-10-24 08:41:34,R_2YAlQkjSas1Rsdo,,,,,52.34930419921875,5.62249755859375,anonymous,EN,4,5,3,6,5,6,6,2,4,6,2,5,5,4,4,3,3,4,3,3,3,,1,1484731330,0
2019-10-24 09:22:47,2019-10-24 09:24:56,0,86.84.87.99,100,129,1,2019-10-24 09:24:57,R_22sEAvJwYC0UMTg,,,,,53.3311004638671875,6.5214996337890625,anonymous,EN,3,5,3,5,6,6,6,2,2,7,3,2,1,2,2,2,2,2,2,2,1,Heel veel artikelen zien er raar uit.,3,1649587367,1
2019-10-24 10:12:19,2019-10-24 10:15:26,0,212.182.164.26,100,187,1,2019-10-24 10:15:27,R_5uWpwpHAQfSiP2F,,,,,52.1885986328125,5.3936004638671875,anonymous,EN,7,3,6,4,3,5,4,5,6,1,4,4,4,5,6,6,6,6,6,5,5,,1,1648503266,1
2019-10-24 10:57:01,2019-10-24 10:58:47,0,87.208.2.166,100,105,1,2019-10-24 10:58:48,R_2qftLhJcXj9iOJN,,,,,53.2301025390625,6.5724945068359375,anonymous,EN,6,4,5,3,4,6,5,2,3,6,3,3,3,5,3,4,3,6,4,3,3,,3,1484779784,1
2019-10-24 12:30:38,2019-10-24 12:33:45,0,217.62.36.205,100,186,1,2019-10-24 12:33:45,R_12MfN4cJgvBwLoK,,,,,51.6244964599609375,5.55780029296875,anonymous,EN,7,1,7,1,4,4,6,1,3,7,2,1,1,5,5,5,4,4,4,4,1,De artikelen op de site verschilden niet van een gewone krant of een site zoals RTL en voegt dus niets toe aan het bestaande aanbod,1,1484730032,0
2019-10-24 12:29:57,2019-10-24 12:35:16,0,85.148.242.95,100,318,1,2019-10-24 12:35:16,R_2P4ZqkaSIK1qJU7,,,,,52.9593048095703125,5.9188995361328125,anonymous,EN,4,5,3,3,5,6,6,2,2,6,4,3,2,3,3,4,5,3,2,5,2,Kreeg ook veel regionaal nieuws wat niet relevant voor mij was. Soms ook te veel van hetzelfde soort onderwerpen.,3,1642542969,1
2019-10-24 13:16:02,2019-10-24 13:17:41,0,84.87.201.112,100,99,1,2019-10-24 13:17:42,R_1hQHA4wSkndMmkz,,,,,52.2135009765625,5.1569976806640625,anonymous,EN,7,4,7,1,4,4,1,4,7,4,1,4,4,6,6,7,7,7,4,6,6,,3,1386777277,0
2019-10-24 17:58:03,2019-10-24 18:00:56,0,83.81.229.16,100,173,1,2019-10-24 18:00:56,R_1P6HL5490pafHJt,,,,,51.9499969482421875,4.58270263671875,anonymous,EN,5,3,4,3,6,5,5,3,3,5,3,3,3,4,5,4,5,4,4,4,4,,1,1307754109,0
2019-10-24 18:56:06,2019-10-24 18:58:13,0,80.57.99.46,100,127,1,2019-10-24 18:58:14,R_1ePnVbOecRwiWBd,,,,,52.3302001953125,4.8843994140625,anonymous,EN,3,5,3,5,6,5,5,3,4,6,4,3,4,4,3,4,3,3,3,3,2,,1,1484712455,0
2019-10-24 19:03:01,2019-10-24 19:05:25,0,217.105.119.53,100,143,1,2019-10-24 19:05:25,R_2vddF58zKJqYKQO,,,,,51.36810302734375,6.1844024658203125,anonymous,EN,3,5,4,5,5,5,6,2,2,6,2,4,3,4,2,2,2,3,2,4,2,,2,1263000334,1
2019-10-24 19:38:59,2019-10-24 19:43:07,0,62.140.137.78,100,248,1,2019-10-24 19:43:09,R_10r9wBmAehWarg9,,,,,52.35650634765625,4.9228057861328125,anonymous,EN,6,4,6,4,6,4,4,4,5,6,3,4,5,5,4,4,4,5,5,5,6,,3,1484758096,1
2019-10-24 22:12:11,2019-10-24 22:18:23,0,86.91.162.15,100,372,1,2019-10-24 22:18:23,R_2zZ0VNFKannTU86,,,,,52.5569000244140625,5.9167938232421875,anonymous,EN,5,4,5,1,6,4,2,3,4,5,2,4,4,5,5,5,5,6,5,4,3,"2 dingen: een behoorlijk aantal keer staat volgens mij het artikel onder het verkeerde item: bijv. een keer binnenlands nieuws stond gewoon onder ""buitenland"". Of een binnenlands bericht staat onder crime.
Verder zie ik nogal eens de openingskop en met name openingszin volledig herhaald worden in het artikel; komt overbodig over.
",3,1484720126,1
2019-10-24 23:58:06,2019-10-24 23:59:58,0,94.209.7.215,100,111,1,2019-10-24 23:59:58,R_5uqVefpcvKFigWl,,,,,52.067901611328125,4.3076019287109375,anonymous,EN,3,3,4,5,6,5,6,2,2,6,4,3,3,5,5,5,5,5,4,6,6,N.v.t.,1,1580033456,0
2019-10-25 05:04:04,2019-10-25 05:06:40,0,81.207.55.52,100,156,1,2019-10-25 05:06:40,R_2pS4cOvSeb8xBGk,,,,,51.9145965576171875,5.841705322265625,anonymous,EN,6,7,6,6,4,6,7,3,4,7,1,3,3,7,5,7,5,7,7,6,5,,2,1407754853,0
2019-10-25 08:00:50,2019-10-25 08:02:33,0,136.143.55.212,100,102,1,2019-10-25 08:02:34,R_1LHxtMuQhCy1l0d,,,,,52.312103271484375,6.9228973388671875,anonymous,EN,5,3,6,4,4,3,4,5,5,3,4,4,4,5,5,5,5,5,5,5,5,,1,1549388866,1
2019-10-25 08:06:40,2019-10-25 08:10:36,0,85.145.22.242,100,235,1,2019-10-25 08:10:36,R_2xFWvVbP4eYfdFh,,,,,51.571197509765625,5.0543975830078125,anonymous,EN,7,5,6,5,4,3,3,5,5,4,5,3,3,4,5,5,5,6,5,4,5,,4,1639305713,
2019-10-25 08:24:41,2019-10-25 08:28:05,0,159.100.98.205,100,203,1,2019-10-25 08:28:05,R_3FPDrMsq9IhNDIy,,,,,52.3719024658203125,4.882904052734375,anonymous,EN,7,1,6,1,7,4,6,2,1,7,1,4,2,3,2,4,2,2,2,4,2,Ik had voor mijn gevoel totaal geen controle over de nieuwsberichten. Ik kon alleen een keuze maken uit de negen voorgestelde artikelen of eventueel negen nieuwe artikelen op mijn scherm laten verschijnen.,4,1484719395,
2019-10-25 08:28:49,2019-10-25 08:30:24,0,213.233.252.73,100,95,1,2019-10-25 08:30:24,R_3PNaggD3n7kM5jq,,,,,52.0811004638671875,5.421905517578125,anonymous,EN,5,1,5,2,7,5,6,2,2,6,2,2,2,3,2,5,3,2,2,2,1,Ik zie het nut van deze website niet in!,1,1484768285,0
2019-10-25 08:48:46,2019-10-25 08:50:32,0,81.206.43.229,100,106,1,2019-10-25 08:50:34,R_1lcOnUbwi23lgh4,,,,,52.5948944091796875,4.6540069580078125,anonymous,EN,5,4,5,4,5,4,5,3,3,5,3,3,3,4,4,4,4,4,4,3,3,,3,1484749800,0
2019-10-25 08:49:24,2019-10-25 08:51:59,0,213.127.109.147,100,154,1,2019-10-25 08:51:59,R_2rNJ4VgQEslq11X,,,,,52.36749267578125,4.917999267578125,anonymous,EN,3,2,3,2,6,5,7,2,4,7,1,1,2,3,4,3,3,3,3,3,3,ik vond persoonlijk dat veel artikelen hetzelfde waren en er erg veel sport bij stond. Daar kwam nog bij dat veel artikelen wel erg erg lang waren.,2,1484761771,1
2019-10-25 09:00:11,2019-10-25 09:02:54,0,82.217.197.160,100,163,1,2019-10-25 09:02:54,R_3JJZBZNLZgAR63G,,,,,52.261199951171875,4.4945068359375,anonymous,EN,5,3,4,3,5,4,4,4,5,5,4,3,3,4,5,5,5,5,4,5,5,,1,1484779555,1
2019-10-25 09:08:32,2019-10-25 09:10:51,0,83.247.106.20,100,139,1,2019-10-25 09:10:52,R_27PxL2cNjaO38RZ,,,,,52.414093017578125,5.825103759765625,anonymous,EN,7,5,3,5,7,3,5,1,6,7,1,1,1,4,3,3,2,2,2,2,1,,2,1484726642,0
2019-10-25 09:27:42,2019-10-25 09:28:51,0,217.120.11.99,100,68,1,2019-10-25 09:28:51,R_262oHS2ZZ5T8ai4,,,,,52.7476043701171875,6.890106201171875,anonymous,EN,5,4,5,4,4,4,5,3,3,5,4,4,4,5,4,4,4,5,4,4,5,,3,1484740189,1
2019-10-25 10:06:24,2019-10-25 10:09:20,0,217.101.142.151,100,175,1,2019-10-25 10:09:22,R_5tm3MejHT1mduAp,,,,,52.72369384765625,6.9882965087890625,anonymous,EN,6,2,6,1,2,4,6,4,4,6,2,4,2,5,6,6,6,4,7,5,5,veel succes,3,1411856290,1
2019-10-25 11:03:06,2019-10-25 11:09:52,0,84.241.193.125,100,406,1,2019-10-25 11:09:54,R_29dfZSVIfzwipKB,,,,,52.3639984130859375,4.89129638671875,anonymous,EN,6,4,5,3,5,5,5,3,3,6,3,3,2,4,3,4,3,5,5,3,3,"Ik zou als je deze test website in het echt zou gebruiken de gebruiker zelf keuzes laten maken bv wil je artikelen in een keer zien over crime of over entertainment. Als daar de keuze on is gemaakt dan kan de gebruiker het artikel aanklikken welke hij of zij wil lezen. En dan niet 5 artikelen om te kiezen maar zo veel als mogelijk ",2,1484757086,1
2019-10-25 12:01:42,2019-10-25 12:04:10,0,82.95.214.191,100,147,1,2019-10-25 12:04:10,R_0GJZfGtfGrnWEuZ,,,,,50.85040283203125,5.7122955322265625,anonymous,EN,6,5,6,5,4,5,3,5,5,4,2,2,2,4,5,5,6,5,5,5,6,,2,1484770474,1
2019-10-25 12:02:16,2019-10-25 12:04:30,0,77.164.116.22,100,134,1,2019-10-25 12:04:30,R_1QxPXTGnhwuBvVm,,,,,51.56719970703125,5.0930023193359375,anonymous,EN,6,4,7,3,6,4,5,3,3,6,3,4,2,3,5,4,4,3,4,3,4,"Ik vond sommige artikelen erg lang, waar andere weer kort waren.  Misschien kan er ook een icoontje of aanwijzer gebruikt worden om aan te geven hoe lang de tekst van het bericht is.",2,1442586999,0
2019-10-25 12:09:05,2019-10-25 12:11:39,0,84.104.172.205,100,153,1,2019-10-25 12:11:39,R_2aJ5rHhhUN3ddh3,,,,,51.57110595703125,4.8031005859375,anonymous,EN,6,5,7,3,5,7,2,7,7,2,6,6,6,6,7,6,6,6,6,6,7,Leuke en fijne manier om op de hoogte te blijven van alle genres van nieuws.,1,1571564654,1
2019-10-25 12:22:41,2019-10-25 12:24:41,0,77.167.102.192,100,120,1,2019-10-25 12:24:41,R_2cu5bah8ujuRoHp,,,,,52.1472015380859375,4.667694091796875,anonymous,EN,7,4,7,1,4,4,4,4,1,7,4,7,4,7,7,7,7,4,4,4,4,,3,1484770878,1
2019-10-25 12:21:06,2019-10-25 12:24:52,0,212.120.112.14,100,225,1,2019-10-25 12:24:52,R_2ah3NTjliOgYwSO,,,,,50.94140625,5.9763031005859375,anonymous,EN,7,3,7,3,7,4,1,7,7,1,7,7,7,7,7,7,7,7,7,7,7,"Ik vind de website heel ,erg leuk en informatief.De actualiteit is ook perfect.",2,1409812533,0
2019-10-25 12:22:34,2019-10-25 12:28:56,0,163.158.120.170,100,381,1,2019-10-25 12:28:56,R_6ig6lewoL5FCbbb,,,,,51.976593017578125,4.2483978271484375,anonymous,EN,7,4,6,1,5,5,3,6,6,4,4,4,3,6,7,7,7,7,7,7,5,"Sommige onderwerpen waren uitgebreid, van anderen waren er 2 regels die overeen kwamen met de begin aankondiging. Dan is het overbodig om het aan te klikken. Ik lees het AD ochtendblad en lees het hele artikel als de kop me aanstaat om het te lezen. Deze site was eigenlijk zoals ik mijn krant lees. Succes met het verder ontwikkelen van de site.",2,1373241659,0
2019-10-25 13:26:29,2019-10-25 13:28:02,0,90.145.161.114,100,93,1,2019-10-25 13:28:03,R_1dKXamUiWaJoFoR,,,,,52.010406494140625,4.4485015869140625,anonymous,EN,6,2,6,3,7,7,7,2,2,6,2,3,2,5,2,3,3,4,3,2,2,,1,1610434083,0
2019-10-25 13:49:18,2019-10-25 13:52:44,0,213.127.82.211,100,206,1,2019-10-25 13:52:45,R_3G1SVdaEkdHlwxr,,,,,52.380096435546875,4.85260009765625,anonymous,EN,6,4,7,3,6,4,3,5,5,4,3,3,2,5,6,6,6,5,4,5,6,"Prettige site, makkelijk in gebruik",1,1484749793,0
2019-10-25 15:20:48,2019-10-25 15:23:16,0,82.173.218.88,100,148,1,2019-10-25 15:23:18,R_1prsql77PnZIw0s,,,,,52.2292938232421875,5.96380615234375,anonymous,EN,3,5,6,5,7,7,7,7,4,7,1,1,1,1,1,7,7,1,1,1,1,nvt,2,1484765791,1
2019-10-25 15:47:34,2019-10-25 15:50:39,0,84.104.16.160,100,185,1,2019-10-25 15:50:40,R_2CBsbAuxfr8RoYM,,,,,52.0572967529296875,4.4647064208984375,anonymous,EN,3,3,3,5,5,5,3,5,5,5,3,4,5,5,5,6,6,4,4,5,5,,1,1513780078,1
2019-10-25 17:33:32,2019-10-25 17:34:59,0,83.85.60.99,100,87,1,2019-10-25 17:34:59,R_3g4NGSrZkQZDOdV,,,,,52.07440185546875,4.6562957763671875,anonymous,EN,6,5,6,5,5,5,5,3,3,6,3,3,3,5,5,5,5,5,4,4,5,,1,1484779022,0
2019-10-25 18:19:06,2019-10-25 18:20:55,0,217.103.16.98,100,108,1,2019-10-25 18:20:57,R_xbYtx34ntqaV87T,,,,,51.87640380859375,4.5233001708984375,anonymous,EN,5,3,5,4,6,5,5,2,2,6,3,2,2,6,6,6,6,5,5,4,4,,2,1484700937,0
2019-10-25 19:20:27,2019-10-25 19:21:48,0,84.105.24.182,100,81,1,2019-10-25 19:21:48,R_1TR1Pj6ZOuB95x7,,,,,52.0944061279296875,5.2418975830078125,anonymous,EN,7,3,7,1,1,4,1,6,7,2,3,7,7,7,5,5,5,5,5,5,6,,4,1484763589,
2019-10-25 20:28:55,2019-10-25 20:31:42,0,85.146.72.131,100,166,1,2019-10-25 20:31:42,R_3lRNIRzBxwEabZf,,,,,52.3665008544921875,4.9517059326171875,anonymous,EN,2,5,2,4,2,2,6,2,2,6,3,3,2,3,4,4,4,3,3,3,2,"te veel artikelen over entertainment, crime en sport. te weinig over binnenland en buitenland. ",3,1484765979,1
2019-10-25 21:03:33,2019-10-25 21:08:27,0,86.83.1.172,100,293,1,2019-10-25 21:08:27,R_27VEbkZvKeEfl2i,,,,,51.81390380859375,4.6685943603515625,anonymous,EN,6,4,6,4,5,4,4,5,5,6,4,6,5,5,4,4,4,6,5,5,3,"Ik vond dat er teveel tekst werd gebruikt, plaatjes maken het levendiger.",3,1484775487,1
2019-10-26 01:07:06,2019-10-26 01:13:28,0,213.127.43.134,100,382,1,2019-10-26 01:13:30,R_C3s9EiRhveSkXKh,,,,,52.350006103515625,4.9167022705078125,anonymous,EN,6,2,6,4,1,1,1,7,7,1,7,7,7,7,7,7,7,7,7,7,7,"Ik vond het heel leuk om mee te doen, was leuk om de artikelen allemaal op deze manier te lezen.",3,1545524272,1
2019-10-26 08:12:53,2019-10-26 08:16:16,0,86.92.245.38,100,203,1,2019-10-26 08:16:18,R_2zMeJiitNHLydwf,,,,,51.916595458984375,5.408294677734375,anonymous,EN,7,1,6,1,6,6,2,6,6,6,5,6,3,7,7,7,7,7,7,7,6,,4,1327011679,
2019-10-26 08:36:23,2019-10-26 08:38:03,0,86.83.38.219,100,100,1,2019-10-26 08:38:03,R_3j8NKq6AUzvTVvd,,,,,52.76409912109375,6.8863067626953125,anonymous,EN,4,4,4,4,5,4,5,4,5,5,4,3,3,4,4,4,4,3,4,3,4,,2,1565982463,0
2019-10-26 08:58:46,2019-10-26 09:00:46,0,31.21.8.234,100,120,1,2019-10-26 09:00:47,R_1JPo2a9kf7u9Qgb,,,,,52.0937957763671875,5.1190948486328125,anonymous,EN,5,3,5,3,5,4,5,2,3,5,2,3,3,5,5,5,5,4,4,4,4,,2,1627769044,1
2019-10-26 09:23:28,2019-10-26 09:26:24,0,62.131.193.49,100,176,1,2019-10-26 09:26:24,R_3KOQSCwt3JQaPSd,,,,,52.447296142578125,4.8408050537109375,anonymous,EN,6,4,6,5,4,5,6,3,4,4,5,4,4,5,5,6,4,5,5,5,4,leuk om mee te doen,2,1074575082,0
2019-10-26 10:39:21,2019-10-26 10:41:13,0,145.53.65.143,100,111,1,2019-10-26 10:41:14,R_2CEs61nouregJyS,,,,,52.1472015380859375,4.667694091796875,anonymous,EN,6,6,7,2,3,4,2,6,7,3,6,6,6,6,7,7,7,6,6,6,7,,2,1023806,1
2019-10-26 10:53:44,2019-10-26 10:56:33,0,77.163.140.153,100,169,1,2019-10-26 10:56:35,R_C4jGpq8qj5X9NkZ,,,,,52.022003173828125,5.1652984619140625,anonymous,EN,6,3,5,3,6,4,5,3,4,6,3,4,2,6,6,6,6,6,6,6,5,,2,1300262688,0
2019-10-26 11:48:23,2019-10-26 11:51:05,0,80.56.216.228,100,161,1,2019-10-26 11:51:05,R_28HEioiRXL9cief,,,,,51.368499755859375,5.217498779296875,anonymous,EN,5,4,6,2,4,4,4,5,5,5,5,4,3,4,6,5,6,5,5,5,6,,4,1381475620,
2019-10-26 11:55:04,2019-10-26 11:58:35,0,77.167.32.116,100,211,1,2019-10-26 11:58:36,R_3nk0qR7zpLqiqmA,,,,,51.939697265625,4.6387939453125,anonymous,EN,7,2,6,2,2,2,3,4,4,2,5,4,2,4,6,5,6,5,5,5,6,Het was ontzettend leuk hieraan mee te doen.,4,1514829156,
2019-10-26 13:02:27,2019-10-26 13:04:26,0,84.31.180.25,100,119,1,2019-10-26 13:04:26,R_2w613Gmxh5HSgW0,,,,,51.6902008056640625,5.0832977294921875,anonymous,EN,5,4,6,3,4,3,3,5,6,3,6,5,5,6,6,6,6,5,5,6,4,,1,1624511238,0
2019-10-26 19:32:07,2019-10-26 19:34:51,0,86.83.25.122,100,164,1,2019-10-26 19:34:53,R_3RejejegWuGJlAL,,,,,52.380096435546875,4.85260009765625,anonymous,EN,5,4,6,2,6,6,6,2,2,6,3,4,1,5,6,5,6,5,4,5,4,,1,1078864724,1
2019-10-27 07:58:50,2019-10-27 08:02:00,0,163.158.248.85,100,189,1,2019-10-27 08:02:00,R_3O8HlT4p4CFnUMa,,,,,51.917205810546875,4.409698486328125,anonymous,EN,6,4,7,5,6,5,6,2,3,6,2,2,2,5,5,6,5,6,6,5,3,Ik heb het idee dat de koppen niet altijd klopten; een buitenland- verhaal onder het kopje binnenland bijvoorbeeld.,2,1484769507,1
2019-10-27 08:34:37,2019-10-27 08:37:12,0,62.131.52.107,100,154,1,2019-10-27 08:37:12,R_1H11XakqDwfpQaf,,,,,52.684906005859375,6.1811065673828125,anonymous,EN,5,3,4,2,4,3,3,4,2,2,3,2,2,2,3,2,3,2,1,2,2,,1,1627461758,0
2019-10-27 09:33:25,2019-10-27 09:35:08,0,62.131.76.125,100,102,1,2019-10-27 09:35:10,R_YYqgwo3Xqh39uJX,,,,,51.8318023681640625,5.88360595703125,anonymous,EN,6,3,6,1,6,4,6,2,4,7,2,1,1,5,4,4,4,5,5,2,2,,2,1484743803,0
2019-10-27 10:40:34,2019-10-27 10:42:57,0,86.80.94.179,100,143,1,2019-10-27 10:42:58,R_3DjvnO2St75PTvn,,,,,51.193603515625,5.986297607421875,anonymous,EN,5,3,6,3,2,4,2,5,5,3,5,5,5,5,5,5,6,6,5,5,6,,1,1523416198,0
2019-10-27 11:03:47,2019-10-27 11:05:33,0,151.236.14.178,100,106,1,2019-10-27 11:05:33,R_1obTYSdasIK02XK,,,,,52.350006103515625,4.9167022705078125,anonymous,EN,7,7,7,1,1,1,1,7,7,4,7,5,7,7,7,7,7,7,7,7,7,,3,1575523699,0
2019-10-27 11:32:52,2019-10-27 11:35:32,0,83.162.221.202,100,159,1,2019-10-27 11:35:33,R_27g6vJpnFsAEFL5,,,,,51.757598876953125,5.533294677734375,anonymous,EN,6,6,7,6,5,3,2,5,6,3,5,7,7,5,5,6,6,5,6,7,6,leuk om mee te doen,3,1484768739,1
2019-10-27 12:23:23,2019-10-27 12:26:17,0,84.83.6.183,100,173,1,2019-10-27 12:26:18,R_24pbsHziEiJJokB,,,,,52.1156005859375,6.5196075439453125,anonymous,EN,5,6,5,3,2,4,3,5,5,4,5,5,5,6,6,6,6,6,5,6,6,,2,1484715013,0
2019-10-27 13:35:01,2019-10-27 13:37:28,0,143.179.26.199,100,147,1,2019-10-27 13:37:28,R_3I9LDTdcLivrIKh,,,,,52.0117034912109375,4.3596954345703125,anonymous,EN,7,3,7,2,1,3,1,5,5,3,2,5,7,7,7,7,7,7,7,7,7,Ik vond het een leuke ervaringen en een fijne manier om op de hoogte te blijven van het laatste nieuws !!,3,1408869842,0
2019-10-27 14:13:59,2019-10-27 14:16:09,0,82.217.126.127,100,130,1,2019-10-27 14:16:10,R_1dKOuY48l1UeM8x,,,,,52.0684967041015625,5.1013946533203125,anonymous,EN,7,4,7,5,5,6,4,5,6,6,5,5,4,7,7,7,7,7,7,7,7,Ik vond het een leuke enquette.,2,1484697130,0
2019-10-27 14:54:30,2019-10-27 14:56:14,0,213.127.58.19,100,104,1,2019-10-27 14:56:15,R_tS74IDSsO64sMPD,,,,,52.3459930419921875,4.8737945556640625,anonymous,EN,5,3,6,2,6,5,5,3,3,7,5,4,3,4,6,6,5,5,5,5,4,,4,1442710107,
2019-10-27 16:20:56,2019-10-27 16:23:56,0,195.240.155.47,100,179,1,2019-10-27 16:23:58,R_3G7ctPq7oVG7dUH,,,,,52.4420013427734375,4.818695068359375,anonymous,EN,5,2,5,2,6,4,4,4,5,5,4,4,3,4,4,4,4,4,4,4,3,,4,1291938427,
2019-10-27 16:34:50,2019-10-27 16:44:21,0,84.87.45.33,100,570,1,2019-10-27 16:44:22,R_3fUBO98IEAGWtS8,,,,,50.9409942626953125,5.801605224609375,anonymous,EN,3,3,5,3,5,5,5,2,2,5,2,2,2,4,4,4,4,4,4,4,3,,2,1484773238,0
2019-10-27 16:43:02,2019-10-27 16:44:46,0,81.205.163.246,100,104,1,2019-10-27 16:44:48,R_1OZC0aj8NBgnuxe,,,,,52.38250732421875,4.62420654296875,anonymous,EN,5,4,6,4,4,3,3,5,6,4,3,5,4,5,6,6,6,6,5,5,6,"Ik vond het fijn dat nieuwsberichten uit verschillende bronnen samengenomen leken te zijn. ",2,1354398066,0
2019-10-27 18:03:37,2019-10-27 18:05:54,0,213.127.47.66,100,137,1,2019-10-27 18:05:54,R_26etMooMW1CpzZa,,,,,52.3549041748046875,4.8379974365234375,anonymous,EN,5,1,7,3,5,4,2,5,4,2,2,3,4,5,5,5,5,6,5,6,5,,2,1484737294,0
2019-10-27 18:13:26,2019-10-27 18:16:03,0,80.60.88.9,100,157,1,2019-10-27 18:16:05,R_3ixtQ6LY5KcoSj7,,,,,52.160797119140625,4.5243072509765625,anonymous,EN,6,5,6,5,5,6,4,6,7,4,5,5,6,6,6,6,6,6,6,6,6,,2,1484773892,1
2019-10-27 19:27:22,2019-10-27 19:30:53,0,86.85.184.90,100,210,1,2019-10-27 19:30:53,R_6KW0e5iajCROcuJ,,,,,52.37420654296875,4.8217926025390625,anonymous,EN,2,5,4,5,6,6,6,1,1,6,5,1,1,3,2,3,2,2,2,2,2,artikelen te eenzijdig. Vele onderwerpen niet voor mij geschikt (veel crime en entertainement bv.). Soms nep-artikelen dacht ik.,3,1484748035,1
2019-10-27 19:29:13,2019-10-27 19:34:16,0,77.168.223.106,100,302,1,2019-10-27 19:34:17,R_PvspJAmQLP71g5z,,,,,51.9860992431640625,5.5012054443359375,anonymous,EN,6,2,6,5,7,3,6,2,4,6,1,1,1,4,6,5,5,5,4,4,3,"handig om actueel nieuws te krijgen. Jammer dat er soms oud nieuws tussen stond. Ook lastig als van de 9 artikelen er 3 of 4 over hetzelfde gingen of soms dezelfde artikelen waren. De naam van de artikelschrijver stond er soms niet. Was in eerste instantie lastig lezen. Ook werd een zin soms afgebroken en deze ging verder in een nieuwe alinea, compleet met een overgeslagen regel. Soms stond erbij video, maar die was niet bij het artikel bijgevoegd. Deze zaken heb ik niet gemeld,maar moeten wel verbeterd worden, indien dit een nieuwssite zal worden.",4,1407754587,
2019-10-27 19:37:37,2019-10-27 19:39:52,0,83.162.43.128,100,135,1,2019-10-27 19:39:53,R_2wuWLgrvLn6afMF,,,,,52.5126953125,5.50439453125,anonymous,EN,6,4,3,3,4,4,2,3,5,4,5,5,5,4,5,5,5,5,5,4,6,"Leuk onderzoek ",4,1484764161,
2019-10-27 20:22:09,2019-10-27 20:24:01,0,86.91.187.75,100,111,1,2019-10-27 20:24:01,R_3F2wwUvrt9hXatZ,,,,,52.3639984130859375,4.89129638671875,anonymous,EN,5,4,5,4,5,5,6,3,3,4,5,3,3,3,4,5,4,4,4,3,2,,4,1484767445,
2019-10-27 21:35:14,2019-10-27 21:37:50,0,85.150.93.48,100,156,1,2019-10-27 21:37:52,R_2dsyV3c4Gj7AP5Y,,,,,52.025604248046875,4.8686065673828125,anonymous,EN,5,3,5,3,3,3,2,6,6,4,6,6,5,5,6,6,6,6,6,6,6,,4,1601105524,
2019-10-27 21:35:29,2019-10-27 21:41:19,0,85.149.137.71,100,350,1,2019-10-27 21:41:20,R_2txKlJ9ODnpc1KA,,,,,50.96209716796875,5.8282928466796875,anonymous,EN,5,3,5,3,6,4,2,5,5,5,5,3,3,7,7,7,7,7,6,5,6,,4,1484726250,
2019-10-27 21:42:53,2019-10-27 21:44:46,0,84.87.6.128,100,112,1,2019-10-27 21:44:48,R_2vk6IZX7Eui2mnm,,,,,51.4387969970703125,5.496795654296875,anonymous,EN,4,6,5,7,7,6,7,2,4,7,4,4,1,4,5,5,5,4,1,4,4,,3,1408876869,1
2019-10-27 21:50:45,2019-10-27 21:52:26,0,145.130.234.102,100,100,1,2019-10-27 21:52:26,R_248WsY8smIr4W0S,,,,,52.1367950439453125,6.608795166015625,anonymous,EN,7,5,6,3,6,5,5,6,6,7,7,7,6,7,7,7,7,7,7,7,7,,4,1524744019,
2019-10-27 21:55:41,2019-10-27 21:58:11,0,212.127.194.124,100,149,1,2019-10-27 21:58:12,R_1NUlbwrkl46rxiV,,,,,51.5941009521484375,5.6056976318359375,anonymous,EN,6,4,7,4,3,5,3,6,6,6,6,6,7,6,7,6,7,7,6,6,7,vind het een goed systeem,2,1484771769,1
2019-10-27 22:00:30,2019-10-27 22:04:51,0,86.91.126.97,100,260,1,2019-10-27 22:04:51,R_3iRsr7ykUPILSJ0,,,,,51.80560302734375,5.8282012939453125,anonymous,EN,4,4,3,5,7,5,5,3,4,7,2,2,2,4,4,5,5,4,4,5,3,,3,1484767268,0
2019-10-27 22:12:58,2019-10-27 22:14:41,0,82.75.65.65,100,103,1,2019-10-27 22:14:42,R_3gT3XDqimZTh58c,,,,,52.212493896484375,6.864105224609375,anonymous,EN,6,2,6,3,5,4,6,2,2,5,2,3,2,6,5,6,6,4,4,5,4,,1,1584424939,1
2019-10-27 23:06:31,2019-10-27 23:09:06,0,77.251.0.177,100,155,1,2019-10-27 23:09:06,R_515CF4v1rXeKTlv,,,,,51.873504638671875,4.4893951416015625,anonymous,EN,7,4,6,6,3,4,3,6,6,4,5,3,6,6,6,6,6,6,6,6,4,,2,1333110857,0
2019-10-27 23:27:06,2019-10-27 23:31:11,0,92.108.22.227,100,245,1,2019-10-27 23:31:12,R_1GTdzDenXhtxsyP,,,,,52.4971923828125,4.9380035400390625,anonymous,EN,7,6,6,6,4,5,3,5,4,4,4,6,7,5,6,6,6,5,5,5,4,,4,1484781085,
2019-10-27 23:36:59,2019-10-27 23:38:31,0,31.20.31.96,100,92,1,2019-10-27 23:38:32,R_1l9wrM2M7lDydG8,,,,,52.5142974853515625,4.9618072509765625,anonymous,EN,3,4,2,5,5,5,6,3,3,3,4,3,4,3,3,3,3,3,3,4,2,,2,1484752540,1
2019-10-28 01:03:33,2019-10-28 01:06:11,0,92.108.48.102,100,157,1,2019-10-28 01:06:12,R_2THmie2A2tWZvKj,,,,,51.9792938232421875,5.6573028564453125,anonymous,EN,5,3,5,4,4,5,5,3,3,5,4,3,3,5,4,4,4,4,4,4,2,"Het zou misschien beter zijn als je kunt selecteren op genre (crime, entertainment etc.) en dan hiervan de artikelen krijgt",4,1546623127,
2019-10-28 01:23:48,2019-10-28 01:25:53,0,86.94.36.80,100,125,1,2019-10-28 01:25:54,R_1GDmbRBUUer4XqX,,,,,52.74609375,6.963592529296875,anonymous,EN,4,6,4,6,6,6,6,3,3,6,3,3,3,5,4,4,4,5,5,4,4,,2,1484752452,0
2019-10-28 02:19:50,2019-10-28 02:22:06,0,86.95.41.118,100,135,1,2019-10-28 02:22:06,R_11dyNrLEt1fOUsr,,,,,51.3462982177734375,3.88330078125,anonymous,EN,5,3,6,4,5,6,2,6,5,4,4,5,3,6,5,5,6,6,6,6,5,,2,1639892345,1
2019-10-28 07:31:11,2019-10-28 07:33:18,0,86.91.89.49,100,126,1,2019-10-28 07:33:18,R_1ly2lceRytXSLRw,,,,,51.9824981689453125,5.0785980224609375,anonymous,EN,6,4,7,4,6,5,6,3,3,6,3,3,3,5,6,5,5,6,5,6,5,,2,1409822515,1
2019-10-28 07:34:11,2019-10-28 07:38:49,0,87.208.226.196,100,278,1,2019-10-28 07:38:49,R_1ilBMVKEQONqsrf,,,,,50.85040283203125,5.7122955322265625,anonymous,EN,7,1,6,2,5,4,3,4,5,4,3,4,5,6,7,6,6,6,6,6,6,Geen opmerkingen,2,1523630509,1
2019-10-28 07:56:47,2019-10-28 07:59:38,0,77.250.55.74,100,171,1,2019-10-28 07:59:40,R_3n9v2WqlRrlqMW2,,,,,52.367706298828125,4.8551025390625,anonymous,EN,6,4,6,3,5,4,5,4,4,7,4,3,2,5,6,6,6,6,5,5,6,geen,1,1484775023,1
2019-10-28 08:23:14,2019-10-28 08:25:09,0,77.168.251.161,100,114,1,2019-10-28 08:25:09,R_290Jsy50X6EPNVQ,,,,,52.1631927490234375,4.5095062255859375,anonymous,EN,6,4,5,3,5,4,4,3,3,5,3,4,4,4,4,5,5,5,4,4,3,,3,1275299196,1
2019-10-28 08:26:38,2019-10-28 08:28:23,0,80.60.225.14,100,104,1,2019-10-28 08:28:23,R_1Kl56DWrT5ZvXy6,,,,,52.0811004638671875,4.2942047119140625,anonymous,EN,6,3,7,2,3,4,3,5,6,3,4,6,6,5,6,6,6,6,6,6,7,erg leuk om te doen en makkelijk te lezen,1,1484768328,1
2019-10-28 08:29:16,2019-10-28 08:34:18,0,145.130.40.164,100,302,1,2019-10-28 08:34:20,R_3fSE8TGV1hznx5L,,,,,51.571197509765625,5.0543975830078125,anonymous,EN,6,2,6,2,5,5,5,2,4,5,2,2,2,3,2,2,2,2,2,2,3,,2,1484772722,1
2019-10-28 09:18:04,2019-10-28 09:21:17,0,212.182.175.38,100,192,1,2019-10-28 09:21:17,R_2CB9IUD2BVTzdlT,,,,,50.968597412109375,5.7675933837890625,anonymous,EN,5,2,5,2,5,2,3,4,4,5,2,2,2,5,5,5,5,5,5,5,4,geen,2,1535985180,0
2019-10-28 09:23:58,2019-10-28 09:25:24,0,217.122.172.66,100,86,1,2019-10-28 09:25:25,R_28T0sbRJ1zIrFZl,,,,,52.3119964599609375,4.647003173828125,anonymous,EN,7,5,5,5,2,3,3,5,7,4,4,6,5,7,7,7,7,7,7,7,6,,4,1619121248,
2019-10-28 09:29:15,2019-10-28 09:32:37,0,82.73.185.140,100,202,1,2019-10-28 09:32:37,R_3n95JkKDWCmg9Vo,,,,,53.22149658203125,6.562896728515625,anonymous,EN,5,3,6,4,5,3,5,2,4,5,4,2,2,4,4,5,5,5,4,4,4,,1,1484762416,0
2019-10-28 09:34:34,2019-10-28 09:36:00,0,86.92.39.187,100,86,1,2019-10-28 09:36:01,R_9QuEaT4gTAI4YLL,,,,,52.2996063232421875,5.238006591796875,anonymous,EN,5,6,5,6,5,4,6,7,5,4,5,6,6,5,5,5,5,6,4,6,5,,4,1300344446,
2019-10-28 09:33:05,2019-10-28 09:37:05,0,62.194.16.151,100,239,1,2019-10-28 09:37:06,R_2flbY0QtHawXFVc,,,,,52.6519012451171875,4.777099609375,anonymous,EN,6,6,6,6,4,4,4,3,3,6,4,3,3,6,6,6,6,6,6,6,7,"Geen vragen, dank je wel!",1,1645599150,0
2019-10-28 09:41:19,2019-10-28 09:45:18,0,77.163.210.149,100,238,1,2019-10-28 09:45:18,R_1Lo2xvFDm4NpjKQ,,,,,52.4949951171875,4.790802001953125,anonymous,EN,7,7,6,6,7,4,5,1,3,6,1,7,1,7,7,7,7,4,4,4,1,,3,148476137,1
2019-10-28 10:00:39,2019-10-28 10:04:42,0,217.63.246.102,100,243,1,2019-10-28 10:04:43,R_11azQEgiCKxVgyG,,,,,52.1450042724609375,4.4716949462890625,anonymous,EN,4,4,5,4,7,1,7,1,1,7,4,1,1,1,1,1,1,1,1,1,1,"Deze site is echt niets voor mij, ik lees het nieuws nog altijd het liefst gedrukt en heb daarom ook een krantenabonnement. Ik lees nieuws ook wel digitaal, maar voorgeselecteerde artikelen beperkt mijn keus en mijns inziens waren er veel te weinig wetenschappelijke artikelen, achtergrondartikelen over binnen- en buitenlands nieuws. Al die lokale feitejes interesseren me niet, evenals ""crime""(waarom niet gewoon ""misdaad""?) of entertainment (""ontspanning"").",4,1080964584,
2019-10-28 10:02:33,2019-10-28 10:04:50,0,94.211.139.226,100,137,1,2019-10-28 10:04:51,R_1n8u1TyuT44X5oy,,,,,51.2266998291015625,5.8809967041015625,anonymous,EN,6,5,7,3,4,2,1,6,7,2,7,7,6,6,7,6,6,6,6,7,6,"Dit was een nuttige studie, ik kwam nieuws tegen dat ik normaliter niet had vernomen en bekeken.",4,1407799770,
2019-10-28 10:15:12,2019-10-28 10:18:57,0,84.241.199.15,100,225,1,2019-10-28 10:18:57,R_2CxqruNx5DfbMca,,,,,52.3733978271484375,4.9387969970703125,anonymous,EN,5,3,6,5,5,4,5,3,4,5,3,3,3,5,5,5,5,5,5,5,6,,2,1484766442,0
2019-10-28 10:27:35,2019-10-28 10:30:29,0,31.20.179.229,100,174,1,2019-10-28 10:30:29,R_22Vq6CMlY93LtdS,,,,,51.963104248046875,6.3065032958984375,anonymous,EN,6,2,7,3,7,7,6,2,3,6,3,2,1,6,3,6,6,2,4,3,3,,3,1627035653,0
2019-10-28 10:37:37,2019-10-28 10:39:30,0,90.145.231.150,100,112,1,2019-10-28 10:39:30,R_325uJKq5SHXNR7u,,,,,52.3876953125,5.278900146484375,anonymous,EN,5,4,5,3,6,3,4,4,4,5,5,4,4,5,4,4,4,5,4,5,4,,2,1651459937,1
2019-10-28 10:48:30,2019-10-28 10:51:45,0,77.248.171.230,100,194,1,2019-10-28 10:51:45,R_a3PSBBR4lULlRVT,,,,,51.8943939208984375,5.4434967041015625,anonymous,EN,4,4,6,3,5,3,3,5,3,4,4,5,3,5,5,5,5,4,3,4,5,,3,1634776707,0
2019-10-28 11:02:35,2019-10-28 11:04:17,0,82.173.131.189,100,102,1,2019-10-28 11:04:18,R_2rYnGsmiPq58cd2,,,,,52.373199462890625,4.85589599609375,anonymous,EN,3,5,5,5,6,5,6,2,2,6,1,2,2,2,2,2,2,3,4,2,2,Het is jammer dat je geen foto's ziet in het artikelen-overzicht. Een foto kan ook een prikkel zijn om op een bepaald nieuwsbericht te klikken.,3,1538550978,1
2019-10-28 11:44:39,2019-10-28 11:46:42,0,185.46.213.85,100,122,1,2019-10-28 11:46:42,R_1cXPpFzYInp1dbw,,,,,52.3824005126953125,4.899505615234375,anonymous,EN,5,6,6,5,4,4,4,4,4,4,5,5,4,5,5,5,6,6,5,6,5,"Vond het een leuke en makkelijk site om op de hoogte blijven van de recente nieuwsberichten. Indien dit een officiële site zou worden, zou ik me daarvoor aanmelden",4,1484718017,
2019-10-28 11:56:15,2019-10-28 11:57:55,0,77.60.37.163,100,100,1,2019-10-28 11:57:56,R_1rkrgaEpLSM5Uj6,,,,,52.0572052001953125,5.2877044677734375,anonymous,EN,4,5,4,3,2,3,6,2,3,7,3,2,2,3,3,3,3,3,3,3,2,,3,1484756650,0
2019-10-28 12:07:00,2019-10-28 12:09:17,0,83.81.15.114,100,137,1,2019-10-28 12:09:18,R_1HoDHrXOj6Vmi8H,,,,,52.957000732421875,4.754302978515625,anonymous,EN,6,3,7,4,6,6,3,6,6,1,7,6,6,6,6,7,7,6,5,5,6,Leuke manier om het nieuws te volgen. Mooi afgestemd op mijn voorkeuren.,4,1484769096,
2019-10-28 12:07:03,2019-10-28 12:09:22,0,145.120.79.141,100,138,1,2019-10-28 12:09:22,R_3L1sUSq6MGMUkPK,,,,,52.1060028076171875,5.1031951904296875,anonymous,EN,6,3,7,3,5,5,5,3,4,6,3,3,3,5,5,5,5,5,4,4,4,"Het zou een nuttige toevoeging zijn als je bijvoorbeeld sommige onderwerpen kon uitsluiten of de pagina met artikelen kon vernieuwen als er niks bij stond. Nu had ik soms een pagina vol met sportartikelen terwijl ik dat allemaal niet zo boeiend vond, en dan moest ik een artikel lezen en beoordelen om nieuwe artikelen te krijgen.",3,1459027489,1
2019-10-28 12:06:29,2019-10-28 12:09:50,0,62.131.52.39,100,200,1,2019-10-28 12:09:50,R_2ziHzr0LfDv1rzK,,,,,52.684906005859375,6.1811065673828125,anonymous,EN,7,2,7,5,2,2,1,6,6,5,6,6,5,5,6,6,6,6,6,6,6,"Leuk om mee te doen ",4,1484770346,
2019-10-28 12:23:26,2019-10-28 12:25:27,0,86.89.183.254,100,120,1,2019-10-28 12:25:28,R_31NwZgd1UBSDlsf,,,,,52.212493896484375,6.864105224609375,anonymous,EN,4,4,7,2,1,3,3,7,4,1,7,5,3,3,7,7,7,4,2,7,6,Geen,2,1484763655,0
2019-10-28 12:47:48,2019-10-28 12:50:29,0,94.212.28.143,100,161,1,2019-10-28 12:50:30,R_pMnjq6yz3cuhpZv,,,,,52.72369384765625,6.9882965087890625,anonymous,EN,5,3,6,4,2,4,3,4,6,3,4,5,5,4,5,5,5,5,4,5,4,,3,1484767560,1
2019-10-28 13:23:18,2019-10-28 13:26:47,0,213.127.212.27,100,208,1,2019-10-28 13:26:48,R_zZMuWFYDqC4xNh7,,,,,53.241302490234375,5.8903045654296875,anonymous,EN,5,5,4,4,5,4,5,4,6,5,5,2,2,4,3,3,4,3,3,4,3,,4,1484778423,
2019-10-28 14:05:30,2019-10-28 14:08:15,0,82.176.181.39,100,164,1,2019-10-28 14:08:16,R_PBwi0FT3YB1E8mZ,,,,,51.484893798828125,3.6154937744140625,anonymous,EN,5,4,4,3,7,6,7,1,1,7,1,2,1,1,2,2,1,1,2,3,1,"De website komt onprofessioneel over, en het idee dat ik alleen een selectie nieuws voorgeschoteld krijg spreekt me niet aan, omdat ik dan zaken ga missen. Ik wil niet dat iemand voor mij bepaalt welk nieuws belangrijk is, en welk nieuws niet. Verder vond ik het meeste nieuws dat ik voorgeschoteld kreeg saai en niet relevant voor mij persoonlijk.",2,1321581531,0
2019-10-28 08:01:31,2019-10-28 14:27:26,0,80.100.15.216,100,23155,1,2019-10-28 14:27:28,R_3ERuZ69LoRVn4pr,,,,,52.5977020263671875,4.7111053466796875,anonymous,EN,5,4,6,5,6,4,3,4,5,3,5,6,6,6,7,7,7,6,6,6,4,"Vaak zie je meerdere bloks over 1 onderwerp . Waarschijnlijk van verschillende nieuwssites , dan lees je dus een verhaal dubbel . Ook heb ik het idee dat de nieuws meer van de telegraaf of van de Ad komt . Er zijn zoveel meer nieuwssites [ parool / trouw / nrc / volkskrant etc . ] ook buitenlandse nieuwsites zijn interessant bv BBC , die is eerlijker . Vind Nederlandse nieuws vaak meer propaganda en word vaak wereldnieuws buiten beschouwing gelaten ",2,1484709985,1
2019-10-28 14:25:46,2019-10-28 14:28:41,0,82.161.249.153,100,175,1,2019-10-28 14:28:41,R_3LYe8OwyTeKD0vW,,,,,51.9541015625,4.9640045166015625,anonymous,EN,6,6,7,4,2,5,2,6,7,6,5,7,7,5,7,7,7,7,6,7,6,leuke enquette lijkt een beetje op blendel,2,1484694302,0
2019-10-28 14:48:24,2019-10-28 14:51:56,0,143.176.6.220,100,211,1,2019-10-28 14:51:56,R_yJ7FANccYF1iX4t,,,,,51.975494384765625,5.675994873046875,anonymous,EN,5,5,7,4,5,5,1,7,7,1,4,7,5,7,7,7,7,7,7,7,7,,2,1559646161,0
2019-10-28 15:19:03,2019-10-28 15:21:36,0,92.110.5.34,100,152,1,2019-10-28 15:21:37,R_tQX84Uy1x155CZX,,,,,51.9163970947265625,4.4593963623046875,anonymous,EN,6,5,6,3,3,5,5,2,5,5,2,4,5,5,5,5,4,6,5,5,5,"nee, dank je. veel succes!",4,1491748374,
2019-10-28 15:40:59,2019-10-28 15:44:25,0,84.24.231.144,100,205,1,2019-10-28 15:44:25,R_1BQ9cJKt5KzHgQ7,,,,,51.5572967529296875,5.0791015625,anonymous,EN,7,4,7,2,2,4,3,5,6,5,5,5,6,6,6,7,7,7,7,7,6,"als je wat nieuws wilde zien kwamen er nog oude berichten tevoorschijn en niet alleen de nieuwe berichten dus ik zou dan de oude berichten laten vervallen, verder duidelijk",1,1107385090,1
2019-10-28 16:29:22,2019-10-28 16:32:02,0,213.247.73.10,100,159,1,2019-10-28 16:32:03,R_3Di0ppercKR2WEL,,,,,51.8656005859375,4.66290283203125,anonymous,EN,6,3,3,3,3,4,4,4,4,6,2,3,3,3,3,3,3,3,4,4,3,,3,1646686606,0
2019-10-28 16:54:53,2019-10-28 16:56:12,0,77.172.68.253,100,79,1,2019-10-28 16:56:12,R_24l7GSPoaJv9V7J,,,,,52.221099853515625,5.9839935302734375,anonymous,EN,3,4,5,4,7,6,7,1,1,7,1,7,1,3,2,1,1,2,2,3,1,,2,1438527294,0
2019-10-28 16:55:48,2019-10-28 16:56:39,0,77.164.121.81,100,51,1,2019-10-28 16:56:40,R_1ocMfoswxcedy5Q,,,,,51.881103515625,5.2942962646484375,anonymous,EN,7,7,7,7,3,5,2,7,7,7,7,7,7,7,7,7,7,7,7,7,7,,4,1578159544,
2019-10-28 17:17:22,2019-10-28 17:19:18,0,86.91.182.19,100,115,1,2019-10-28 17:19:18,R_2SxAya6XFnVDdAM,,,,,52.9517059326171875,5.9152069091796875,anonymous,EN,7,2,7,2,2,6,2,7,6,4,6,6,6,7,6,6,7,7,6,6,7,,1,1556722218,1
2019-10-28 17:35:54,2019-10-28 17:37:38,0,92.109.46.141,100,104,1,2019-10-28 17:37:39,R_vogBBIZJMHjxjAl,,,,,51.8791961669921875,5.845703125,anonymous,EN,6,2,6,3,3,1,1,6,6,3,2,3,3,4,6,6,6,4,4,5,6,,2,1484777021,1
2019-10-28 21:59:48,2019-10-28 22:02:08,0,178.85.19.68,100,139,1,2019-10-28 22:02:08,R_1EamxOwVR3E544g,,,,,51.8242034912109375,4.6522979736328125,anonymous,EN,5,5,4,2,5,3,3,2,2,5,2,3,3,4,5,5,5,5,5,4,5,nvt,3,1484762938,0
2019-10-28 23:23:16,2019-10-28 23:26:41,0,81.204.244.57,100,205,1,2019-10-28 23:26:43,R_2EETOnKXbfVU29v,,,,,51.57110595703125,5.9459075927734375,anonymous,EN,4,2,4,2,7,7,7,1,1,7,1,1,1,4,2,2,2,4,5,1,1,Soms las ik een artikel en wilde ik mijn mening geven over hoe relevant het voor mij was EN of het artikel fouten bevatte. Maar dat kon niet. Het was óf de relevantie óf de fouten doorgeven. Dat vind ik niet fijn.,1,1484771332,1
2019-10-29 01:00:52,2019-10-29 01:02:54,0,77.161.5.103,100,121,1,2019-10-29 01:02:55,R_26gX4jareMYMv37,,,,,52.153594970703125,6.7528076171875,anonymous,EN,4,5,5,4,6,6,6,7,1,7,1,4,3,5,5,5,5,3,4,3,2,,1,1484762833,0
2019-10-29 01:47:50,2019-10-29 01:53:15,0,85.148.17.231,100,325,1,2019-10-29 01:53:15,R_1mITao8dbHySmEJ,,,,,53.0984039306640625,6.0706024169921875,anonymous,EN,6,2,6,2,6,4,3,5,4,1,4,3,2,6,6,6,6,6,6,6,5,,3,1484761197,1
2019-10-29 06:19:09,2019-10-29 06:20:43,0,217.101.147.93,100,93,1,2019-10-29 06:20:44,R_25vAMqXjYm50PUW,,,,,51.5220947265625,5.06390380859375,anonymous,EN,4,3,3,4,5,4,3,3,3,4,5,4,3,4,5,5,5,4,4,5,4,,3,1484781369,0
2019-10-29 08:00:03,2019-10-29 08:02:49,0,62.131.209.167,100,166,1,2019-10-29 08:02:51,R_23Wy88bFijxA9UE,,,,,52.261199951171875,4.4945068359375,anonymous,EN,6,2,6,1,6,6,6,2,5,6,4,2,2,6,6,6,6,6,6,6,6,,2,193074,1
2019-10-29 07:56:32,2019-10-29 08:12:41,0,87.213.253.190,100,968,1,2019-10-29 08:12:42,R_3nqoCEDQzzqbX1m,,,,,52.367706298828125,4.8551025390625,anonymous,EN,7,6,5,2,5,6,5,5,4,5,3,6,5,6,6,6,6,6,4,5,5,,1,1365720648,1
2019-10-29 08:42:58,2019-10-29 08:45:01,0,143.179.82.58,100,123,1,2019-10-29 08:45:03,R_Zmlplz9YExmxbJn,,,,,51.9434967041015625,5.89349365234375,anonymous,EN,6,5,5,4,5,5,4,4,5,4,5,4,4,5,5,5,5,4,5,5,5,,3,1438324659,0
2019-10-29 09:06:06,2019-10-29 09:09:19,0,77.172.185.21,100,193,1,2019-10-29 09:09:21,R_2bJcuP8AvwzvP0R,,,,,51.98089599609375,5.9221038818359375,anonymous,EN,6,3,6,1,7,2,2,5,4,6,2,2,1,5,6,6,4,5,4,6,5,,3,1560451652,1
2019-10-29 09:11:34,2019-10-29 09:12:41,0,212.32.242.232,100,66,1,2019-10-29 09:12:41,R_25AzBNM0W0gRupn,,,,,51.96539306640625,4.5514984130859375,anonymous,EN,5,3,5,5,5,5,5,3,3,6,5,3,3,5,5,5,5,5,5,5,3,,4,1484775956,
2019-10-29 09:47:47,2019-10-29 09:50:50,0,217.166.244.92,100,182,1,2019-10-29 09:50:50,R_1dh8AXrQOmQBShi,,,,,52.35400390625,5,anonymous,EN,7,3,6,1,4,5,4,3,3,7,4,5,4,5,5,5,5,5,4,6,5,Geen op of aanmerkingen,2,1374553650,1
2019-10-29 09:55:54,2019-10-29 09:59:25,0,185.46.213.82,100,210,1,2019-10-29 09:59:26,R_1da7X1q57nOOwT5,,,,,52.3824005126953125,4.899505615234375,anonymous,EN,7,5,7,3,7,6,6,2,1,7,1,1,1,2,2,2,2,5,5,1,2,"Het is een leuk concept om willekeurige nieuwsberichten te laten zien en zo mensen uit hun bubbel te halen. Alleen soms wil je wat gerichter zoeken op bijvoorbeeld Economisch nieuws en niet alle sportartikelen hoeven weg te klikken om uiteindelijk je nieuwsbericht nog niet te vinden. Het is wel een leuke manier om met allerlei nieuws in aanraking the komen. Erg efficient en gericht is het niet. Je hebt zelf geen controle over welke artikelen je krijgt. En zeker artikelen van de roddelrubrieken die uit steeds een zin per onderwerp bestaan, gaan nergens over en je hebt daar helemaal niks aan en heeft nul nieuwswaarde en is echt onleesbaar.",1,1484720955,0
2019-10-29 10:05:17,2019-10-29 10:07:27,0,77.173.183.200,100,130,1,2019-10-29 10:07:28,R_2VmcomjFaGmPY2S,,,,,51.4933013916015625,5.667999267578125,anonymous,EN,5,4,6,4,6,5,5,4,3,5,3,2,2,5,5,5,4,4,3,3,4,,3,1484783249,1
2019-10-29 11:31:35,2019-10-29 11:35:38,0,185.46.212.61,100,243,1,2019-10-29 11:35:40,R_1FQbicqFP7CWSsm,,,,,52.3824005126953125,4.899505615234375,anonymous,EN,6,6,5,4,6,7,6,2,2,6,2,3,2,2,2,1,1,2,2,1,1,Bij het kiezen van artikelen waren er geen (duidelijke) foto's aanwezig. ook in de artikelen zelf werden foto's (die in de orginele artikelen wel stonden) niet weergegeven. Ook de layout van de tekst was niet fijn. Sommige zinnen waren incompleet of onderbroken. Daarnaast was de tekst die in de orginele artikelen als koptekst niet duidelijk te onderscheiden.,3,1254635373,1
2019-10-29 12:02:04,2019-10-29 12:08:02,0,86.82.185.53,100,357,1,2019-10-29 12:08:02,R_0lKG9KfrBT4zHzP,,,,,51.9496002197265625,5.2100067138671875,anonymous,EN,5,2,2,2,7,7,7,1,1,7,1,1,1,3,1,5,1,4,4,4,1,"De website was te statisch, de selectie was niet te wijzigen. ",4,1484774704,
2019-10-29 12:19:39,2019-10-29 12:22:51,0,81.205.242.245,100,192,1,2019-10-29 12:22:51,R_3JDIcWERvtr5S2G,,,,,52.631805419921875,4.7368011474609375,anonymous,EN,5,3,5,3,7,7,7,3,1,5,4,2,1,3,3,2,3,2,2,2,1,"het lijkt niet mogelijk om een artikel dat je wel hebt gezien, maar waar je niet op geklikt hebt, terug te vinden.
Ik heb bijvoorbeeld de schaatskalender 1x gezien, maar niet meer terug kunnen halen.",3,1484769102,1
2019-10-29 13:06:08,2019-10-29 13:08:50,0,80.114.56.225,100,161,1,2019-10-29 13:08:52,R_7OFitW8nUJcncOJ,,,,,52.569000244140625,6.6049957275390625,anonymous,EN,5,3,5,3,4,2,6,2,2,6,3,2,2,3,3,2,2,3,3,3,2,,4,1321233768,
2019-10-29 15:33:23,2019-10-29 15:37:43,0,185.165.70.74,100,260,1,2019-10-29 15:37:44,R_PMQHXaGQJnhLPvr,,,,,51.9290924072265625,4.4781036376953125,anonymous,EN,5,4,6,4,3,2,5,4,5,5,5,3,2,5,4,5,5,4,5,5,5,"IK miste inderdaad enige sturing aan het lezen van de content, gebruikelijk is dat je alles eerst scrollt qua headers en daarna de content gaat lezen. Nu waren de headers beperkt tot 9 items waarna je de artikelen ging lezen om tot de verdieping in het nieuws te komen.",2,1314366846,0
2019-10-29 15:47:20,2019-10-29 15:50:56,0,195.33.224.78,100,215,1,2019-10-29 15:50:56,R_2ZIBCI0dTGOkekD,,,,,41.021392822265625,28.9947967529296875,anonymous,EN,6,2,7,1,3,5,3,6,6,3,6,7,5,5,7,6,7,7,7,6,7,,1,1484756545,0
2019-10-29 16:52:27,2019-10-29 16:54:37,0,213.127.34.113,100,129,1,2019-10-29 16:54:38,R_2dAObseLcYix7BG,,,,,52.3668060302734375,4.86810302734375,anonymous,EN,7,3,7,1,1,3,1,6,7,1,7,7,5,5,6,6,6,6,6,6,7,,1,1645365393,0
2019-10-29 17:39:51,2019-10-29 17:42:47,0,62.195.237.190,100,176,1,2019-10-29 17:42:49,R_2wM20rE0PToAluW,,,,,52.3459930419921875,4.8737945556640625,anonymous,EN,5,3,5,3,5,5,5,2,4,6,3,3,3,3,3,3,4,3,3,3,3,,2,1597353833,1
2019-10-29 18:16:14,2019-10-29 18:18:39,0,82.176.183.190,100,144,1,2019-10-29 18:18:40,R_2rvzWwkq5Zg9kol,,,,,51.489501953125,3.6284027099609375,anonymous,EN,4,3,5,3,5,6,6,2,2,5,4,5,5,4,4,4,5,5,5,5,3,De website ziet er niet uitnodigend uit!,1,1484782522,1
2019-10-29 19:46:29,2019-10-29 19:48:56,0,83.87.142.86,100,147,1,2019-10-29 19:48:56,R_D1NuTl8Qlj606kN,,,,,52.2458953857421875,5.3690948486328125,anonymous,EN,6,5,4,3,3,5,6,2,4,6,3,6,6,4,5,5,6,4,5,5,4,,3,1484778451,0
2019-10-30 08:35:56,2019-10-30 08:37:48,0,213.127.49.91,100,112,1,2019-10-30 08:37:49,R_2Y9YLxwlJ8Kfk2S,,,,,52.3423004150390625,4.903594970703125,anonymous,EN,5,3,6,3,4,3,3,4,5,4,4,3,2,4,4,4,4,4,3,4,3,,2,1570829769,1
2019-10-30 10:03:59,2019-10-30 10:05:56,0,89.98.164.145,100,117,1,2019-10-30 10:05:56,R_07AGjaLJxD80wTL,,,,,52.3683013916015625,5.1790008544921875,anonymous,EN,5,3,6,2,6,5,5,2,2,5,2,3,2,5,4,4,4,4,4,5,3,,3,1484776258,1
2019-10-30 10:35:45,2019-10-30 10:37:51,0,159.46.196.29,100,126,1,2019-10-30 10:37:52,R_3ltaiapaEhOb8m6,,,,,52.373199462890625,4.85589599609375,anonymous,EN,6,2,7,2,3,4,4,4,4,5,1,3,3,2,4,4,4,4,4,3,2,,1,1555393927,0
2019-10-30 11:26:58,2019-10-30 11:32:05,0,92.64.206.101,100,306,1,2019-10-30 11:32:06,R_1GTXcqKtxkfH9Dv,,,,,51.590301513671875,4.809295654296875,anonymous,EN,5,3,4,4,3,4,5,4,3,5,5,4,3,4,5,5,5,4,3,3,3,geen,2,1484743436,0
2019-10-30 12:56:02,2019-10-30 12:57:23,0,213.127.49.6,100,80,1,2019-10-30 12:57:24,R_2X5TSFzh6aAsGJ9,,,,,52.3639984130859375,4.89129638671875,anonymous,EN,7,4,7,4,4,4,3,6,5,4,4,4,4,6,6,6,6,6,6,6,6,geen,2,1484779109,0
2019-10-30 15:01:34,2019-10-30 15:03:59,0,86.91.187.12,100,145,1,2019-10-30 15:04:01,R_26eCTnWkNPvHaFV,,,,,51.886505126953125,5.431396484375,anonymous,EN,3,6,6,4,5,3,7,2,3,7,2,2,1,3,4,3,3,5,5,2,2,,1,1484730878,1
2019-10-30 16:20:03,2019-10-30 16:27:46,0,84.29.36.179,100,462,1,2019-10-30 16:27:47,R_3ffmzucKzxPkp9C,,,,,51.360504150390625,6.1658935546875,anonymous,EN,6,2,6,2,7,5,5,3,2,6,2,5,2,4,5,5,5,6,5,3,6,"'= Soms 2x hetzelfde bericht (koppen/beschrijving) op een 3x3 pagina.
= ""Terug naar selectie"" gaf SOMS andere berichten; nee, NIET op andere plaats... ;-)
= Erg moeilijk om te bepalen wat u verstaat onder ""Relevant"". Plaatsing (wil ik lezen) ?  Inhoud (op mij van toepassing) ?
= Het nieuws komt uit verschillende bronnen; hebben die dat nieuws (dus) eerder?",3,1484770835,1
2019-10-30 17:18:41,2019-10-30 17:22:09,0,95.96.225.105,100,207,1,2019-10-30 17:22:09,R_sRptt8TBkGKbTA5,,,,,52.12530517578125,6.231201171875,anonymous,EN,6,3,5,2,5,5,5,2,3,5,3,3,2,4,5,6,4,3,4,5,3,"Als ik alle ""crime"" en ""anders"" nieuwsfeitjes eruit gevist had, kreeg ik op den duur pagina's met bijna alleen maar sport. ",2,1573227621,1
2019-10-30 17:20:52,2019-10-30 17:24:46,0,77.172.220.184,100,233,1,2019-10-30 17:24:46,R_2b10lyhqycdsfAt,,,,,52.1450958251953125,5.3892974853515625,anonymous,EN,6,3,6,3,5,3,4,4,5,5,4,4,4,5,4,4,5,4,4,5,4,Nee,3,1622913543,1
2019-10-30 18:09:46,2019-10-30 18:13:07,0,212.204.186.188,100,201,1,2019-10-30 18:13:07,R_2YeWkfYJV1FZcvE,,,,,52.2635040283203125,6.141693115234375,anonymous,EN,5,5,6,3,5,6,5,2,3,6,3,4,3,4,4,5,5,3,4,5,4,wel wat veel populaire onderwerpen,2,1282944098,1
2019-10-30 18:12:06,2019-10-30 18:13:34,0,213.127.0.255,100,87,1,2019-10-30 18:13:34,R_2Ev0l3OQ1ZjPl81,,,,,51.966400146484375,5.9174957275390625,anonymous,EN,7,5,5,2,1,4,1,7,7,1,1,4,1,7,7,7,7,7,7,7,7,,3,1351058451,1
2019-10-30 19:17:22,2019-10-30 19:19:36,0,86.89.118.204,100,133,1,2019-10-30 19:19:37,R_3lKN4BiOfhNT1FM,,,,,51.933502197265625,4.6074981689453125,anonymous,EN,6,4,6,4,5,5,5,6,5,6,6,5,5,4,6,4,6,4,4,6,6,,1,1484763223,0
2019-10-30 19:22:07,2019-10-30 19:23:19,0,86.88.18.189,100,72,1,2019-10-30 19:23:19,R_QoWTwCa3U9kFonn,,,,,52.1573944091796875,6.41009521484375,anonymous,EN,6,3,6,2,2,2,2,4,6,2,2,4,2,6,6,6,6,6,5,6,6,Vond het leuk!,4,1644362835,
2019-10-30 22:46:53,2019-10-30 22:48:38,0,145.53.5.56,100,104,1,2019-10-30 22:48:39,R_2PdNyRgkBcbVKX4,,,,,50.83599853515625,5.891998291015625,anonymous,EN,5,3,3,3,4,7,7,1,2,7,1,1,1,1,2,3,2,2,4,2,1,,4,1647138145,
2019-10-31 02:54:02,2019-10-31 02:56:29,0,80.115.134.225,100,147,1,2019-10-31 02:56:29,R_SCzEOhVLQtcnyox,,,,,51.972198486328125,4.6168975830078125,anonymous,EN,5,3,5,4,5,4,6,4,3,4,3,4,2,4,5,4,4,3,3,2,2,,4,1484778385,
2019-10-31 08:38:23,2019-10-31 08:41:18,0,86.95.0.90,100,174,1,2019-10-31 08:41:19,R_3PzD7mnc1RN8fXb,,,,,52.4430999755859375,5.7003936767578125,anonymous,EN,6,2,6,2,7,4,6,2,2,7,1,2,1,6,6,6,5,7,6,5,6,,1,1484758793,0
2019-10-31 12:52:51,2019-10-31 12:55:12,0,86.91.64.28,100,141,1,2019-10-31 12:55:14,R_2pPRRsqxVF1EeeD,,,,,52.1410064697265625,6.1977996826171875,anonymous,EN,5,2,5,2,2,4,6,2,2,7,2,2,2,5,4,5,2,4,4,4,2,,3,1525408888,0
2019-10-31 13:52:34,2019-10-31 13:54:00,0,145.44.53.5,100,85,1,2019-10-31 13:54:00,R_3Gpjr0dbVM9riin,,,,,52.14129638671875,5.239501953125,anonymous,EN,6,2,6,2,5,4,3,4,3,5,2,2,2,3,4,5,3,3,3,4,4,,3,1324104679,1
2019-10-31 15:52:41,2019-10-31 15:54:43,0,217.62.61.175,100,122,1,2019-10-31 15:54:44,R_1QJXWxV0Ey4Sd21,,,,,51.585205078125,4.9945068359375,anonymous,EN,3,5,3,5,5,4,5,4,4,5,4,4,2,4,4,5,5,5,5,5,5,,3,1484772250,1
2019-10-31 16:16:23,2019-10-31 16:19:53,0,213.93.194.45,100,209,1,2019-10-31 16:19:53,R_2qDJpNBDqdKnozY,,,,,52.3459930419921875,4.81640625,anonymous,EN,5,3,5,4,5,5,5,4,5,6,4,4,5,5,4,4,4,4,4,4,4,,4,1484714046,
2019-10-31 17:01:36,2019-10-31 17:04:19,0,86.82.90.188,100,163,1,2019-10-31 17:04:19,R_2zkWhr3xKwdXnS4,,,,,51.8242034912109375,4.6522979736328125,anonymous,EN,6,5,6,3,6,4,6,3,5,7,2,2,2,5,6,6,6,5,5,5,6,Vooral niet kunnen bepalen welke categorieën je wel of niet  wilt zien vind ik beperkend. Het in verkeerde categorieën van berichten stoorde mij.,1,1484771473,0
2019-10-31 18:14:17,2019-10-31 18:17:51,0,84.86.192.160,100,213,1,2019-10-31 18:17:51,R_3mmnjFy6H2JJ8jt,,,,,52.5084991455078125,4.664093017578125,anonymous,EN,7,4,6,3,1,5,4,3,4,7,5,5,4,3,3,3,3,2,3,4,4,,4,1484772476,
2019-10-31 18:49:03,2019-10-31 18:54:37,0,85.146.93.184,100,333,1,2019-10-31 18:54:38,R_3LchoNMBTbEJEPf,,,,,53.2328948974609375,6.567901611328125,anonymous,EN,4,3,5,4,5,4,4,5,5,5,3,4,3,5,5,5,5,5,4,4,5,,4,1484773297,
2019-10-31 19:50:32,2019-10-31 19:52:41,0,92.109.187.146,100,129,1,2019-10-31 19:52:41,R_265VDuHD9uQMJW5,,,,,51.439605712890625,5.4589996337890625,anonymous,EN,6,5,5,3,7,7,7,1,1,7,1,1,1,1,3,2,1,1,4,1,1,,3,1484706745,0
2019-11-01 09:20:37,2019-11-01 09:22:57,0,213.127.19.31,100,139,1,2019-11-01 09:22:57,R_3Lj4WIOFN2q7X1o,,,,,51.95989990234375,4.618804931640625,anonymous,EN,5,2,5,3,6,3,4,3,2,6,1,3,2,3,4,4,4,4,4,3,2,,3,1484764686,1
2019-11-01 10:53:13,2019-11-01 10:55:06,0,84.27.253.219,100,113,1,2019-11-01 10:55:07,R_1dxZTdzeeBE4ywu,,,,,51.6443023681640625,5.3509063720703125,anonymous,EN,2,3,3,6,6,5,5,1,2,7,2,2,2,3,2,2,3,3,3,3,2,,2,1638658621,1
2019-11-01 15:09:51,2019-11-01 15:12:26,0,77.163.96.74,100,155,1,2019-11-01 15:12:27,R_1eWX3DwnPfjN24a,,,,,52.21539306640625,6.8827056884765625,anonymous,EN,5,4,4,4,2,4,4,5,6,6,5,4,4,5,6,5,5,5,5,5,6,,4,1590717829,
2019-11-02 08:52:08,2019-11-02 08:55:03,0,86.87.162.238,100,175,1,2019-11-02 08:55:04,R_1eVOF57VGYtFWgo,,,,,52.153106689453125,5.407806396484375,anonymous,EN,7,3,7,1,3,3,2,6,6,4,5,4,5,6,7,7,6,6,6,6,2,,4,1484785226,
2019-11-02 10:58:08,2019-11-02 10:59:25,0,86.94.47.130,100,77,1,2019-11-02 10:59:25,R_1kOL8Qd0XTporWY,,,,,52.0482025146484375,4.22979736328125,anonymous,EN,7,4,7,5,1,1,1,5,5,2,5,5,5,6,6,6,6,6,6,6,7,,2,1484778311,0
2019-11-02 17:46:04,2019-11-02 17:48:26,0,82.173.197.142,100,141,1,2019-11-02 17:48:26,R_Rr7XmTrWRBsxYBz,,,,,52.5115966796875,6.09210205078125,anonymous,EN,7,4,7,4,6,4,3,3,3,2,2,3,2,6,4,6,4,4,6,5,2,,2,1484757990,0
2019-11-02 17:54:02,2019-11-02 17:56:20,0,85.144.2.21,100,138,1,2019-11-02 17:56:21,R_1Pe03g7TcP8z9Rs,,,,,52.1920928955078125,6.877593994140625,anonymous,EN,5,5,5,3,5,3,5,2,2,6,2,2,2,5,5,4,5,5,5,5,4,veel te veel sport,2,1588796187,1
2019-11-02 18:57:15,2019-11-02 19:00:15,0,213.247.64.243,100,180,1,2019-11-02 19:00:17,R_2TpAcZpe8IAp7Vn,,,,,52.060394287109375,5.58099365234375,anonymous,EN,4,7,2,6,2,7,7,1,5,7,1,1,1,4,1,1,1,1,4,1,1,,2,1646153215,1
2019-11-02 19:29:20,2019-11-02 19:32:11,0,81.204.94.124,100,171,1,2019-11-02 19:32:12,R_2ZBsFCdTSxf0OLf,,,,,52.3480987548828125,5.64630126953125,anonymous,EN,6,5,6,3,3,2,2,6,6,4,3,5,6,5,6,6,5,3,5,5,5,Geen,1,1484763419,1
2019-11-02 20:00:30,2019-11-02 20:01:55,0,82.168.149.62,100,85,1,2019-11-02 20:01:56,R_3CIdf9HH8Do4hvq,,,,,51.83050537109375,5.84869384765625,anonymous,EN,4,3,5,3,3,4,2,5,5,4,4,3,3,3,4,4,4,3,4,4,3,,3,1484778443,1
2019-11-02 23:18:15,2019-11-02 23:20:04,0,85.145.232.207,100,108,1,2019-11-02 23:20:06,R_3lKwBixH0bmC3pI,,,,,52.3119964599609375,4.647003173828125,anonymous,EN,6,2,4,4,5,3,6,3,4,6,5,2,2,4,4,5,5,5,5,3,2,,4,1646649532,
2019-11-03 07:38:35,2019-11-03 07:42:14,0,213.127.92.98,100,219,1,2019-11-03 07:42:16,R_3fm05aFnGpTtVvX,,,,,52.3876953125,4.884002685546875,anonymous,EN,5,4,5,4,5,4,4,3,4,5,3,3,3,6,6,6,6,6,6,6,5,"er was voldoende keuze, maar soms zou het fijner zijn als je genres waaruit nieuws gekozen werd zelf kon aangeven.",2,1407799762,1
2019-11-03 08:58:57,2019-11-03 08:58:57,0,62.238.39.124,100,203,1,2019-11-03 09:02:22,R_7WYpkrFmFVO78tP,,,,,51.2624969482421875,4.05029296875,anonymous,EN,2,3,4,5,5,5,2,4,2,5,4,3,3,4,4,4,4,4,3,4,4,,1,1356722949,1
2019-11-03 08:13:37,2019-11-03 08:15:26,0,77.251.212.113,100,109,1,2019-11-03 09:15:26,R_dhZcQuCbEbKCGJ3,,,,,52.1952972412109375,6.009796142578125,anonymous,EN,6,4,5,4,6,5,6,3,5,6,6,4,3,5,4,5,5,3,4,4,3,,3,1484727371,1
2019-11-03 10:14:43,2019-11-03 10:16:43,0,77.165.205.22,100,120,1,2019-11-03 10:16:44,R_3MrkWZQrTGHUaO7,,,,,52.07470703125,4.2816925048828125,anonymous,EN,5,3,5,4,7,5,6,2,1,5,2,2,1,3,3,3,3,3,3,3,4,,3,1484761035,0
2019-11-03 19:52:46,2019-11-03 19:58:34,0,83.160.95.103,100,347,1,2019-11-03 19:58:34,R_zU44nYdbGq7yH2p,,,,,52.642303466796875,4.7339019775390625,anonymous,EN,4,2,2,6,6,6,6,2,3,7,2,2,2,4,4,4,4,4,4,4,2,"Ik vind de selectie van artikelen nogal beperkt. Veelal entertainment en sport, waar ik beide juist weinig mee heb. Dat heeft mijn oordeel wel flink gekleurd. Ik vond de diepgang van sommige artikelen wel goed. Beter dan wat ik vaak lees in het Nederlandse nieuws.",1,1147761714,1
2019-11-03 21:51:55,2019-11-03 21:54:09,0,86.80.249.165,100,133,1,2019-11-03 21:54:09,R_2xQNOvnt5qCb4vp,,,,,52.101898193359375,5.09759521484375,anonymous,EN,3,5,5,4,6,4,4,4,3,5,3,4,3,4,5,5,5,5,4,5,5,Grootste voordeel: nieuws uit diverse bronnen. Dat is gelijk ook het nadeel: zelfde bericht uit meerdere bronnen soms meerdere keren in dezelfde selectie.,2,1484773440,1
2019-11-03 21:53:16,2019-11-03 21:56:02,0,86.83.227.103,100,166,1,2019-11-03 21:56:04,R_4ZAjTnmULIn3OsV,,,,,51.961395263671875,5.4232940673828125,anonymous,EN,4,5,5,4,6,5,5,3,5,5,2,2,2,5,5,5,5,5,6,6,5,geen,2,1408869921,0
2019-11-03 11:56:15,2019-11-03 23:56:57,0,81.204.123.33,100,43241,1,2019-11-03 23:56:57,R_ABYC7NM8DbElxf3,,,,,51.806793212890625,4.683807373046875,anonymous,EN,7,5,7,5,2,4,2,6,6,4,6,6,5,7,7,7,7,7,7,7,7,,2,1484782202,1
2019-11-04 07:03:56,2019-11-04 07:07:03,0,77.251.13.176,100,187,1,2019-11-04 07:07:04,R_808mE2bA85iUZzP,,,,,51.55670166015625,5.6894989013671875,anonymous,EN,5,3,3,4,1,2,2,6,7,6,6,5,4,4,6,6,6,6,6,5,5,Dank je dat ik mee mocht doen. zaten interessante nieuwsstukken tussen.,3,1389435772,1
2019-11-04 10:47:54,2019-11-04 10:49:09,0,145.129.167.158,100,74,1,2019-11-04 10:49:09,R_3Q03mY98l4BSiyK,,,,,53.315704345703125,6.86700439453125,anonymous,EN,4,4,5,4,3,5,5,2,2,5,2,2,2,4,3,3,3,3,3,2,3,,2,1484695736,1
2019-11-04 11:12:08,2019-11-04 11:15:37,0,217.101.67.152,100,209,1,2019-11-04 11:15:39,R_SDzYBFKd8fT86Ln,,,,,51.193603515625,5.986297607421875,anonymous,EN,7,1,7,1,5,4,2,4,5,5,3,3,3,6,7,6,6,7,6,5,7,,2,1636074046,0
2019-11-04 11:16:05,2019-11-04 11:20:00,0,80.56.12.34,100,234,1,2019-11-04 11:20:01,R_stAA7jTMivOlPTH,,,,,52.3990936279296875,4.9358062744140625,anonymous,EN,3,5,4,5,6,4,6,2,1,7,1,1,1,4,5,5,5,5,5,4,4,"Ik zou graag de mogelijkheid hebben om ergens aan te kunnen geven dat ik b.v. op dat moment alleen sport of een ander soort nieuws zou willen zien, dus b.v. knoppen met sport / int.nieuws / nat.nieuws  / crime enz.",2,1484780639,1
2019-11-04 14:56:48,2019-11-04 14:58:23,0,82.73.140.175,100,95,1,2019-11-04 14:58:24,R_2zdUqyVSUGReWto,,,,,53.19500732421875,6.5727996826171875,anonymous,EN,5,3,3,3,2,5,2,5,5,2,3,2,2,5,6,7,7,7,4,5,6,,2,1348936357,1
2019-11-04 14:57:54,2019-11-04 14:58:32,0,213.127.124.212,100,37,1,2019-11-04 14:58:32,R_Wusvu9iRab51O6Z,,,,,52.381805419921875,4.8717041015625,anonymous,EN,6,5,6,5,6,7,6,7,6,7,5,6,6,6,5,4,6,7,5,6,6,nee,1,1499122159,1
2019-11-04 15:36:38,2019-11-04 15:38:06,0,86.90.231.168,100,88,1,2019-11-04 15:38:08,R_OxM04jFaUOZFHmp,,,,,51.4141998291015625,5.8231048583984375,anonymous,EN,5,6,3,5,4,3,6,2,2,5,4,3,2,4,3,3,2,5,5,3,2,,3,1577332199,1
2019-11-04 17:26:32,2019-11-04 17:33:06,0,86.80.91.93,100,394,1,2019-11-04 17:33:07,R_3JKtpjBDNP2c34M,,,,,52.3441009521484375,5.213897705078125,anonymous,EN,2,4,3,6,7,3,6,2,1,6,2,2,2,3,3,3,3,3,3,3,2,"Het is niet handig om de artikelen steeds op een andere plaats te laten verschijnen. Als ik een artikel aanklik die rechtsboven staat, daarna weer terugga naar het overzicht en het artikel staat dan niet meer rechtsboven, maakt dat ik het heel vervelend vind, en dat er geen overzicht is.
Binnenlands nieuws tonen bij een artikel dat gaat over een japanse keizer, klopt niet. En dat gebeurt veel vaker.
Veel nieuwsberichten over lokale dingetjes. Maar het boeit mij niet dat er in de Vinkutteveensstraatweg in Habbekrantsegat een kat is weggelopen. En daar waren wel heel veel artikelen over.
Verder ook artikelen met ellenlange stukken tekst. Maar ook letterlijk overgenomen telexberichten. 
Nee, dit zou niet mijn belangrijkste bron voor nieuws gaan worden.",4,1078992941,
2019-11-04 19:23:32,2019-11-04 19:27:20,0,82.168.238.25,100,227,1,2019-11-04 19:27:20,R_1MZ0nq4gSkPmdUo,,,,,51.8881072998046875,4.4824981689453125,anonymous,EN,3,5,6,2,5,7,7,3,4,7,3,2,3,2,3,6,5,5,3,2,1,"Voor een nieuwswebsite verwacht ik een aantal basiskenmerken om nieuws tot mij te laten komen, namelijk;
- Duidelijke nieuwskop met bij voorkeur foto als blikvanger
- Mogelijkheid naast begintekst ook extra verdiepende informatie te lezen
- Icoontjes om snel categorie te selecteren en/of te wisselen",4,1547412820,
2019-11-04 22:11:11,2019-11-04 22:13:10,0,86.80.143.191,100,119,1,2019-11-04 22:13:11,R_3LbQTXKxpmfow1b,,,,,52.1959075927734375,5.418701171875,anonymous,EN,5,1,5,4,6,5,4,3,4,5,3,5,3,2,1,5,3,6,5,3,1,,3,1484747732,0
2019-11-04 23:27:51,2019-11-04 23:30:06,0,85.147.105.81,100,135,1,2019-11-04 23:30:08,R_PFn1pfrH6GeTIUV,,,,,53.2494049072265625,6.600799560546875,anonymous,EN,6,4,5,4,5,5,6,3,4,6,3,3,3,6,6,5,5,5,5,5,5,,1,1493406555,1
2019-11-05 09:38:25,2019-11-05 09:41:21,0,213.127.119.218,100,175,1,2019-11-05 09:41:21,R_1rCGPmVFgRfgz6k,,,,,52.373504638671875,4.8950958251953125,anonymous,EN,5,3,6,3,6,3,2,6,6,5,3,3,4,3,6,6,6,5,5,5,5,,1,1326902390,1
2019-11-05 13:30:28,2019-11-05 13:32:07,0,81.205.50.167,100,98,1,2019-11-05 13:32:08,R_2BkvudxTchZ3M5B,,,,,51.8070068359375,4.0323028564453125,anonymous,EN,6,2,6,3,1,4,2,4,7,1,4,6,7,6,7,6,6,6,6,6,5,,2,1505885515,0
2019-11-05 15:15:07,2019-11-05 15:17:59,0,87.208.3.225,100,172,1,2019-11-05 15:18:01,R_4Z45VZ0TwOjBuj7,,,,,53.2301025390625,6.5724945068359375,anonymous,EN,7,6,5,5,6,7,6,4,7,4,4,7,7,6,6,7,7,7,3,5,7,"Ik miste het echte internationale nieuws, misschien eigen fout door mijn selectie.",3,1652352813,0
2019-11-05 19:53:48,2019-11-05 19:59:29,0,84.81.75.211,100,340,1,2019-11-05 19:59:29,R_2Uarm8igcXEiDE4,,,,,51.8462982177734375,5.8625946044921875,anonymous,EN,6,3,5,4,6,6,6,3,5,5,1,1,1,4,3,3,3,3,5,4,4,Handig overzicht van korte nieuws onderwerpen. Ik vergeet echter vaak om in te loggen. Misschien is een 3bij3 app handiger.,3,1484780508,1
2019-11-06 00:10:03,2019-11-06 00:12:59,0,213.127.50.118,100,176,1,2019-11-06 00:13:01,R_2UYDiFfzhNCjqLp,,,,,51.81219482421875,5.795196533203125,anonymous,EN,6,4,4,4,3,4,4,2,3,6,3,3,3,4,4,4,4,4,4,4,6,,4,1472310402,
2019-11-06 00:09:43,2019-11-06 00:13:41,0,77.164.227.39,100,237,1,2019-11-06 00:13:41,R_2dKfNxbf69vpk58,,,,,51.556793212890625,5.109100341796875,anonymous,EN,5,3,5,5,3,5,3,5,5,3,5,5,5,5,5,5,6,6,5,5,6,,2,1651695621,1
2019-11-06 09:44:19,2019-11-06 09:48:20,0,84.241.197.117,100,241,1,2019-11-06 09:48:20,R_3D0HeB8Q1rew3rD,,,,,52.3459930419921875,4.81640625,anonymous,EN,7,5,7,5,5,5,4,6,6,5,4,4,4,5,5,4,5,6,5,5,5,,3,1647943415,1
2019-11-06 09:53:28,2019-11-06 09:55:43,0,94.213.139.194,100,134,1,2019-11-06 09:55:45,R_2pVo0X5OYa7fyLK,,,,,52.71600341796875,6.4488067626953125,anonymous,EN,5,4,3,2,5,5,5,3,4,5,4,3,3,6,4,5,5,5,5,3,5,,4,1484768442,
2019-11-06 15:53:00,2019-11-06 15:54:31,0,144.43.250.21,100,91,1,2019-11-06 15:54:32,R_3s090UnTUtmknMY,,,,,52.067901611328125,4.25689697265625,anonymous,EN,5,4,5,4,6,4,6,1,1,6,1,1,1,5,2,4,2,4,4,2,1,,1,1484768965,0
2019-11-06 16:07:42,2019-11-06 16:10:41,0,86.82.200.173,100,178,1,2019-11-06 16:10:41,R_BQznXMST9d4tt61,,,,,51.9228057861328125,5.849395751953125,anonymous,EN,2,2,4,2,7,7,7,1,1,7,1,3,1,1,1,1,1,1,1,1,1,nieuws is zeer beperkt. nog beperkter dan npo nepnieuws journaal,2,1484753918,0
2019-11-06 16:10:19,2019-11-06 16:12:30,0,213.93.106.116,100,131,1,2019-11-06 16:12:31,R_3psfUyObZ9J3ziZ,,,,,52.367706298828125,4.8551025390625,anonymous,EN,6,5,4,5,3,4,4,5,4,5,4,3,3,5,5,5,4,5,5,5,5,,4,1484732798,
2019-11-06 16:40:35,2019-11-06 16:43:33,0,86.83.6.24,100,178,1,2019-11-06 16:43:35,R_8uMDO4wr9YtWRu9,,,,,51.8022003173828125,4.6631011962890625,anonymous,EN,4,5,5,3,5,4,6,1,2,7,1,2,2,3,2,2,2,3,2,2,2,Mijn beeldscherm was te smal om de drie nieuwsblokken te zien.,1,1495150084,0
2019-11-06 16:54:55,2019-11-06 16:56:46,0,77.172.255.240,100,111,1,2019-11-06 16:56:48,R_21oBfQ8NCc3G9Db,,,,,52.1092987060546875,4.2801055908203125,anonymous,EN,7,4,4,4,2,3,2,3,6,4,4,6,5,5,5,5,5,5,5,5,5,,1,1484780889,1
2019-11-06 17:58:46,2019-11-06 18:01:21,0,145.53.7.251,100,154,1,2019-11-06 18:01:21,R_xfqyaMUDQZPksTL,,,,,52.067596435546875,4.22509765625,anonymous,EN,6,3,4,3,5,2,2,5,3,5,5,3,1,5,5,5,6,3,4,5,3,ik vond het aandeel in de entertainmentsessie veel te groot,3,1484768528,1
2019-11-06 18:17:47,2019-11-06 18:20:40,0,213.233.233.94,100,172,1,2019-11-06 18:20:40,R_3kb1Oe72cZJG74u,,,,,52.260101318359375,6.2270050048828125,anonymous,EN,4,4,5,4,5,5,5,3,4,6,3,4,4,4,4,5,4,4,4,4,2,Ik vond de artikelen niet altijd prettig opgesteld. Het alineagebruik was niet logisch.,1,1484762858,1
2019-11-06 19:48:15,2019-11-06 19:53:48,0,31.186.173.148,100,332,1,2019-11-06 19:53:48,R_1KjW6E3TrRAOfyg,,,,,52.50250244140625,4.9821014404296875,anonymous,EN,5,3,6,1,4,5,4,4,5,4,5,4,5,4,5,5,5,5,4,6,6,"als het gratis is zal ik er heus wel gebruik van maken mag ook met advertenties dan hoor . Maar het is wel makkelijk zo 3bij3 ",3,1484780326,1
2019-11-06 19:58:48,2019-11-06 20:00:21,0,213.127.0.42,100,93,1,2019-11-06 20:00:21,R_WpQDfjsi3mQuGid,,,,,52.351806640625,4.8585968017578125,anonymous,EN,6,6,5,3,6,6,6,3,3,7,3,2,2,5,6,6,6,6,6,6,4,,3,1484765013,0
2019-11-06 20:49:27,2019-11-06 20:52:01,0,84.85.234.248,100,154,1,2019-11-06 20:52:01,R_2Wu879kruGJZIMq,,,,,52.1699066162109375,5.3874053955078125,anonymous,EN,6,3,5,3,4,3,4,2,4,5,3,3,2,4,4,5,5,5,4,4,4,,4,1273029408,
2019-11-06 21:22:54,2019-11-06 21:25:59,0,37.201.193.70,100,184,1,2019-11-06 21:26:00,R_3lrhpgMr37AxV1T,,,,,50.9333038330078125,6.9499969482421875,anonymous,EN,5,2,5,2,5,6,7,1,2,7,1,2,1,1,1,2,2,3,2,2,1,,1,1484757930,1
2019-11-06 21:49:14,2019-11-06 21:52:47,0,78.109.0.148,100,212,1,2019-11-06 21:52:48,R_OCgliFThq6cypt7,,,,,52.3824005126953125,4.899505615234375,anonymous,EN,7,6,7,5,4,4,4,6,6,5,5,5,5,7,7,7,7,7,7,7,6,,2,1403449535,1
2019-11-06 22:56:51,2019-11-06 22:58:30,0,83.82.205.160,100,99,1,2019-11-06 22:58:30,R_sCqkUb0ogbGxGqR,,,,,51.9496002197265625,5.2100067138671875,anonymous,EN,5,4,5,4,6,6,6,2,2,6,2,2,2,4,3,5,3,3,3,3,1,,3,1484785282,0
2019-11-07 09:47:02,2019-11-07 09:50:27,0,185.98.144.169,100,205,1,2019-11-07 09:50:28,R_QgnWN15qK2IEJgd,,,,,52.8892059326171875,6.09210205078125,anonymous,EN,5,2,5,2,6,6,6,2,2,6,2,2,2,5,5,5,5,5,5,4,4,"Ik zou zelf graag bepalen op basis van welke criteria het nieuws wordt geselecteerd. ",2,1484753123,1
2019-11-07 10:49:15,2019-11-07 10:52:46,0,145.53.217.21,100,210,1,2019-11-07 10:52:46,R_2y1Nm3wO2FUDS5y,,,,,52.4416961669921875,4.80450439453125,anonymous,EN,6,3,7,3,4,5,5,3,4,6,4,4,4,4,6,6,6,6,4,4,6,"Veelal zag ik in één selectie van 9 artikelen, 2 maal hetzelfde artikel.
Daarnaast was het me soms niet duidelijk over welke stad of regio de meer lokale berichten gingen.",1,1484707139,1
2019-11-07 10:58:46,2019-11-07 11:03:38,0,217.104.27.82,100,291,1,2019-11-07 11:03:38,R_OkEhc0oEOGQpVUR,,,,,52.50860595703125,4.676300048828125,anonymous,EN,6,5,7,4,5,3,3,5,6,3,3,4,4,5,4,5,4,5,4,5,5,Het duurde een tijdje voordat ik door had dat de slectie van artikelen meer dan een artikel omvatte. Op mijn tablet was maar een artikel te zien en geen aanduiding dat ik door vegen nog meer artikelen kon zien.,3,1407767857,1
2019-11-07 11:34:56,2019-11-07 11:36:24,0,92.111.223.210,100,87,1,2019-11-07 11:36:24,R_3EB99L7sKQXIhC8,,,,,52.3639984130859375,4.89129638671875,anonymous,EN,6,5,6,3,4,3,4,5,5,5,4,3,3,5,6,6,6,6,6,6,4,,2,1484766578,1
2019-11-07 14:37:10,2019-11-07 14:39:09,0,84.241.128.18,100,118,1,2019-11-07 14:39:09,R_1n7tmzEl5qYcOPV,,,,,52.274505615234375,6.7899932861328125,anonymous,EN,7,3,5,2,7,7,7,1,1,7,1,1,1,3,2,2,1,3,1,2,1,,1,1409015862,0
2019-11-07 16:38:39,2019-11-07 16:41:54,0,84.241.197.211,100,194,1,2019-11-07 16:41:55,R_1n2W63V4RhjdDJQ,,,,,52.3719024658203125,4.882904052734375,anonymous,EN,5,3,3,3,5,5,5,2,5,7,3,2,2,3,3,5,4,3,3,3,2,,3,1417670281,1
2019-11-07 23:09:22,2019-11-07 23:11:36,0,82.74.108.35,100,134,1,2019-11-07 23:11:37,R_3koZRM4AKlAJZx4,,,,,53.1605987548828125,6.3773040771484375,anonymous,EN,7,5,7,3,4,4,3,3,4,6,4,5,5,7,6,5,6,5,5,6,5,,4,1647067101,
2019-11-08 08:18:28,2019-11-08 08:21:42,0,213.127.15.200,100,194,1,2019-11-08 08:21:44,R_3FPNCsZXf22K1iz,,,,,52.37420654296875,4.8217926025390625,anonymous,EN,6,7,4,5,7,3,5,3,4,7,2,3,2,5,6,6,6,6,5,6,5,Ik zou bijv. geen sportnieuws willen zien dat heb ik niet gelezen. en dit is iets wat ik ook nooit lees. Vroeger bij de papieren versie werd dit deel dan ook gelijk gedumpt,2,1411416045,1
2019-11-08 10:20:02,2019-11-08 10:22:15,0,217.100.46.100,100,133,1,2019-11-08 10:22:16,R_voEh6ulxlg1XWiB,,,,,52.64630126953125,6.211395263671875,anonymous,EN,7,4,7,2,5,4,3,6,6,6,6,5,4,5,5,6,5,5,5,6,5,,4,1652957959,
2019-11-08 10:42:55,2019-11-08 10:45:09,0,87.214.252.143,100,133,1,2019-11-08 10:45:11,R_1F2hUc3HslSmFH0,,,,,51.5491943359375,5.0691070556640625,anonymous,EN,7,1,7,1,1,6,1,6,7,5,5,3,4,5,5,5,5,5,5,5,5,,1,1484760543,1
2019-11-08 11:18:22,2019-11-08 11:23:00,0,212.187.116.32,100,277,1,2019-11-08 11:23:00,R_3gNQmb3pai2Tcdo,,,,,52.371002197265625,4.9040985107421875,anonymous,EN,2,5,2,5,5,5,5,3,3,5,3,3,3,2,2,2,2,2,2,2,1,"de tekst zit vol, spelfouten. voor medewerkers/studenten van VU teleurstellend en niet hoopgevend",2,1407572772,1
2019-11-08 19:51:00,2019-11-08 19:53:59,0,31.151.183.186,100,179,1,2019-11-08 19:54:00,R_1YrhxC2Le35C0M1,,,,,51.8791961669921875,5.845703125,anonymous,EN,5,2,4,2,5,2,5,5,5,2,2,3,2,4,6,6,6,4,4,6,5,,4,1484777647,
2019-11-09 10:04:22,2019-11-09 10:07:51,0,86.95.160.69,100,209,1,2019-11-09 10:07:51,R_1AJQW8K03aShOOB,,,,,52.153106689453125,5.407806396484375,anonymous,EN,4,4,5,2,6,4,4,5,3,5,5,2,2,5,5,6,5,5,5,4,5,Pictogrammen op smartphone iets groter en andrrs meer ruimte dikke vingers,3,1630770575,0
2019-11-09 10:49:03,2019-11-09 10:51:20,0,86.91.162.150,100,137,1,2019-11-09 10:51:21,R_1rfeH2e1iIvjyVC,,,,,52.53399658203125,6.0569000244140625,anonymous,EN,3,4,3,4,5,5,5,3,4,4,3,4,3,4,5,5,5,5,5,3,2,,2,1513816966,0
2019-11-09 12:40:47,2019-11-09 12:51:00,0,94.211.203.233,100,613,1,2019-11-09 12:51:00,R_1diTq7FpcaKyldA,,,,,52.956298828125,4.76800537109375,anonymous,EN,3,4,3,3,5,5,4,4,3,6,2,2,2,4,4,5,4,4,3,5,4,"ik zou nog meer variatie van nieuws willen zien ",1,1358584896,1
2019-11-09 17:07:06,2019-11-09 17:09:31,0,84.104.84.188,100,144,1,2019-11-09 17:09:32,R_1DOU8JeKsLryQCJ,,,,,52.0735015869140625,4.4983062744140625,anonymous,EN,6,2,7,4,7,7,7,2,2,7,1,1,1,4,5,6,5,5,5,5,4,,1,1484768047,0
2019-11-09 20:44:41,2019-11-09 20:47:04,0,87.209.42.178,100,143,1,2019-11-09 20:47:05,R_2fiAZ9ZtB8riVhU,,,,,51.4167022705078125,5.545806884765625,anonymous,EN,6,2,6,2,6,5,5,3,3,7,2,2,2,6,4,4,6,4,4,6,4,,4,1484759573,
2019-11-10 11:44:13,2019-11-10 11:46:31,0,85.148.179.137,100,137,1,2019-11-10 11:46:32,R_3EnjuNgpaAFyCuB,,,,,52.3596038818359375,6.65679931640625,anonymous,EN,5,3,5,3,3,4,5,3,4,5,4,3,3,3,4,4,3,5,4,3,3,,3,1484757941,0
2019-11-10 11:47:59,2019-11-10 11:51:33,0,77.162.69.37,100,213,1,2019-11-10 11:51:33,R_1Du7jc2nbe58ipj,,,,,52.35400390625,5,anonymous,EN,6,2,6,2,4,3,6,3,5,6,3,5,5,5,5,5,5,5,5,5,5,,2,1652741619,0
2019-11-10 15:36:13,2019-11-10 15:37:58,0,77.173.237.17,100,105,1,2019-11-10 15:37:58,R_cUuBLBJatRMjiW5,,,,,52.1959075927734375,5.418701171875,anonymous,EN,6,4,7,3,5,5,3,4,4,6,3,3,3,4,4,5,4,4,4,4,5,,3,1365021048,1
2019-11-11 10:42:13,2019-11-11 10:44:36,0,213.134.238.142,100,143,1,2019-11-11 10:44:38,R_O2lkChl5c4eP649,,,,,52.5178070068359375,6.2666015625,anonymous,EN,5,6,6,2,7,4,5,3,4,5,2,5,3,4,5,5,5,5,4,6,5,,2,1365003077,1
2019-11-11 19:49:10,2019-11-11 19:50:53,0,217.123.126.200,100,103,1,2019-11-11 19:50:55,R_2QheZElQfSI24Cl,,,,,52.433197021484375,4.659698486328125,anonymous,EN,6,6,7,2,3,4,3,6,4,3,3,2,2,5,5,6,5,5,6,7,5,,2,1484764151,1
2019-11-11 22:20:18,2019-11-11 22:24:24,0,92.109.123.64,100,245,1,2019-11-11 22:24:25,R_294FPcJtPdLhYep,,,,,51.90460205078125,4.24609375,anonymous,EN,6,5,6,4,4,6,3,6,6,4,4,5,5,6,7,6,6,6,6,6,7,,2,1484765736,1
2019-11-12 12:08:12,2019-11-12 12:11:37,0,62.140.132.74,100,204,1,2019-11-12 12:11:38,R_27kZHDbkkk8JOu2,,,,,52.3616943359375,4.8668975830078125,anonymous,EN,2,1,6,3,7,7,7,1,1,7,1,1,1,1,3,3,5,3,1,2,1,,2,1484745860,1
2019-11-12 17:50:54,2019-11-12 17:54:11,0,77.173.200.224,100,197,1,2019-11-12 17:54:11,R_3QM1n9A3LXzHC2Z,,,,,52.4980010986328125,6.0937042236328125,anonymous,EN,5,1,6,1,7,7,7,1,1,7,1,1,1,2,1,1,1,1,4,1,1,"Ik had geen controle over welke berichten verschenen. Sommige onderwerpen interesseren mij niet, zoals sport, maar ik kon niet aangeven dat ik die niet wilde zien.",2,1484763577,1
2019-11-12 23:45:17,2019-11-12 23:47:09,0,86.84.100.6,100,111,1,2019-11-12 23:47:09,R_ZlruLfl1QjFiKat,,,,,52.4936981201171875,5.4564971923828125,anonymous,EN,6,3,6,3,5,4,4,4,3,6,5,4,3,5,4,5,4,5,4,5,3,,3,1655406244,0
2019-11-13 11:40:25,2019-11-13 11:43:51,0,145.130.80.19,100,205,1,2019-11-13 11:43:52,R_1nNG3aHFah6yjE7,,,,,52.0811004638671875,4.2942047119140625,anonymous,EN,6,3,6,3,5,3,3,3,5,4,5,3,5,5,5,5,5,5,5,5,3,"1 punt.
Het duurde even voordat ik door had hoe je het menu kon minimaliseren.",2,1484735859,0
2019-11-13 12:05:29,2019-11-13 12:06:37,0,213.124.90.186,100,67,1,2019-11-13 12:06:38,R_3nNTAeZHA4jyYCV,,,,,50.848297119140625,5.725799560546875,anonymous,EN,7,6,4,5,5,2,3,4,4,4,6,7,6,5,5,6,5,5,6,6,5,,3,1484761634,1
2019-11-13 18:29:50,2019-11-13 18:35:11,0,84.87.0.66,100,321,1,2019-11-13 18:35:13,R_1BXIBSdflwo8suA,,,,,51.4949951171875,4.2859954833984375,anonymous,EN,7,1,7,1,1,1,1,7,7,1,7,7,7,7,7,7,7,7,7,7,7,"
De site is vrij variabel ten opzichte van actueel nieuws. relevant is wordt op het laatste uur of moment geïnformeerd. Ik heb echt genoten van deelname aan deze enquête. altijd welkom. Heel erg bedankt.",2,1448821733,1
2019-11-14 05:51:08,2019-11-14 05:53:54,0,109.37.138.217,100,165,1,2019-11-14 05:53:56,R_rjyBpKPXmAA9E9r,,,,,51.9568939208984375,5.22979736328125,anonymous,EN,7,1,7,1,4,5,5,3,3,5,3,3,3,5,5,5,5,5,5,4,6,Nvt,2,1275628083,0
2019-11-14 13:01:14,2019-11-14 13:03:10,0,185.68.90.11,100,115,1,2019-11-14 13:03:11,R_2sbyv4dSkbQOqYb,,,,,51.731201171875,5.3513031005859375,anonymous,EN,4,3,5,3,7,5,5,2,2,7,2,2,1,1,3,2,2,4,4,2,1,Er staan geregeld fouten in de teksten van de artikelen die het gevolg lijken te zijn van gebrekkige scraping op de bron websites.,2,1407823547,0
2019-11-14 13:02:26,2019-11-14 13:07:12,0,156.114.160.21,100,285,1,2019-11-14 13:07:12,R_1gH1pWf6sx14Lqp,,,,,52.36749267578125,4.917999267578125,anonymous,EN,5,6,4,5,7,6,6,2,2,7,2,2,1,3,2,6,5,5,4,4,1,"Misschien heb ik iets over het hoofd gezien, maar enquete had het over invloed hebben op de website. Maar ik kan alleen artikelen ophalen zonder selectie criteria... Misschien dat het in vervolg komt, steeds een stukje functionaliteit erbij om tot goede website te komen en steeds dezelfde vragenlijst ter vergelijking?",2,1484758656,1
2019-11-15 15:07:54,2019-11-15 15:09:05,0,92.111.58.106,100,70,1,2019-11-15 15:09:05,R_xc3wcSfGSXAVSwN,,,,,51.9156036376953125,4.5146026611328125,anonymous,EN,5,3,5,3,5,5,5,3,2,5,3,3,3,3,3,3,3,3,3,3,4,,3,1484777081,0
2019-11-15 16:12:54,2019-11-15 16:15:09,0,145.130.44.125,100,135,1,2019-11-15 16:15:11,R_3hfg79Kb9uUy4CZ,,,,,51.585205078125,4.9945068359375,anonymous,EN,6,5,7,3,6,3,4,4,2,6,1,3,3,5,6,6,6,5,4,6,4,,2,1484781741,1
2019-11-17 21:20:02,2019-11-17 21:21:25,0,77.248.74.253,100,82,1,2019-11-17 21:21:25,R_2dLtAHHgkgkEujx,,,,,53.19439697265625,5.9929046630859375,anonymous,EN,5,5,5,5,7,5,6,3,3,7,2,2,2,5,4,3,3,3,3,3,4,,2,1484766203,0
2019-11-18 09:07:45,2019-11-18 09:09:46,0,46.21.168.234,100,121,1,2019-11-18 09:09:48,R_1hJTxigEgj2HcCB,,,,,51.9514007568359375,4.5847930908203125,anonymous,EN,4,2,5,2,6,2,6,2,2,6,2,2,1,4,3,3,3,5,3,2,2,,1,1484711392,0
2019-11-18 16:25:31,2019-11-18 16:36:54,0,86.90.144.136,100,683,1,2019-11-18 16:36:54,R_2VlNMrHGih3ZLvY,,,,,51.9391021728515625,6.06939697265625,anonymous,EN,4,2,3,5,6,6,6,2,6,4,2,2,2,3,3,3,3,3,4,4,2,"Ik vond dat over het algemeen de onderwerpen wel erg veel op die van de TV-programma's als  Hart van Nederland en Boulevard leken. 
Deze onderwerpen hebben niet mijn interesse, wellicht denken andere deelnemers hier anders over.  Echt serieuze onderwerpen die voor onze maatschappij belangrijk zijn kwamen maar mondjesmaat langs. ",2,1400943904,1
2019-11-18 21:34:00,2019-11-18 21:36:27,0,31.151.98.155,100,146,1,2019-11-18 21:36:28,R_1oindaQAIKwMZOF,,,,,52.2140960693359375,5.1692047119140625,anonymous,EN,7,4,6,4,3,4,4,3,4,3,5,5,5,5,6,5,6,6,6,6,5,,3,1565321378,1
2019-11-19 13:46:43,2019-11-19 13:49:00,0,84.26.24.216,100,137,1,2019-11-19 13:49:00,R_2SxkIUX5975tOsN,,,,,51.1056060791015625,5.874298095703125,anonymous,EN,6,4,6,4,4,4,4,5,6,4,4,4,4,5,5,5,5,5,5,5,5,.,3,1484756632,0
2019-11-20 08:26:18,2019-11-20 08:29:24,0,86.95.4.40,100,186,1,2019-11-20 08:29:26,R_2OU2qCyRABe1W7H,,,,,52.20599365234375,4.867706298828125,anonymous,EN,5,2,5,2,4,3,3,2,6,3,3,4,2,4,4,5,5,5,4,5,5,,2,1484735085,0
2019-11-24 21:44:47,2019-11-24 21:46:58,0,83.81.211.249,100,130,1,2019-11-24 21:46:58,R_24deebfFOGuGJSY,,,,,52.1204986572265625,4.649505615234375,anonymous,EN,5,4,5,4,4,5,5,4,3,4,3,4,3,5,5,5,5,3,4,5,5,,3,1511784186,1
2019-11-25 11:48:48,2019-11-25 11:53:39,0,86.91.162.150,100,291,1,2019-11-25 11:53:41,R_2E5yboxTWZ8JsGL,,,,,52.52130126953125,6.1114044189453125,anonymous,EN,5,4,4,3,4,2,5,3,3,3,4,4,4,5,5,6,5,5,5,5,3,"Reacties op de vragenlijst ook beïnvloed door de 'populaire' media (zoals NU.nl en Telegraaf) die gebruikt werden, waardoor dit minder overeenkomt met de media die ik normaliter raadpleeg.",4,noIDyet,
2019-11-25 14:25:21,2019-11-25 14:27:28,0,85.149.74.191,100,127,1,2019-11-25 14:27:28,R_3sp3h5l0XJA8VV6,,,,,52.1920928955078125,6.877593994140625,anonymous,EN,5,2,5,2,4,3,2,4,5,2,4,4,3,5,5,5,5,5,5,5,6,,1,1484746809,0
2019-11-27 09:19:23,2019-11-27 09:21:40,0,84.80.163.5,100,137,1,2019-11-27 09:21:41,R_2B3Wkn4DUCJXNJr,,,,,52.3795928955078125,4.8778076171875,anonymous,EN,5,2,5,2,1,3,2,5,5,2,5,5,5,4,6,6,6,5,4,5,5,,2,1547812991,0
2019-11-27 07:24:08,2019-11-28 00:34:25,0,77.164.63.114,100,61816,1,2019-11-28 00:34:26,R_1f49iAS4tCy7Kq0,,,,,51.234100341796875,5.9546966552734375,anonymous,EN,5,4,5,2,2,4,2,5,6,4,2,3,3,4,4,6,5,5,4,4,5,,2,1379559405,1
2019-12-02 12:08:19,2019-12-02 12:18:34,0,185.35.33.123,100,614,1,2019-12-02 12:18:36,R_Om5jO0uPt8vwQVj,,,,,53.255401611328125,6.035400390625,anonymous,EN,6,4,7,4,1,5,2,7,6,4,6,7,7,6,7,7,7,7,6,7,6,Helemaal goed en bedankt.,3,1484761831,1
2019-12-04 10:22:50,2019-12-04 10:24:02,0,195.35.160.106,100,72,1,2019-12-04 10:24:02,R_3iwJdwBYYiezF6D,,,,,52.1060028076171875,5.1031951904296875,anonymous,EN,5,3,6,4,5,4,5,3,4,4,5,3,3,4,3,4,3,3,3,3,2,,2,1484775740,1
